Source_Image,Sector,Machine_ID,Description,Labor_Rate_USD_per_hr,Direct_Overhead_Rate_USD_per_hr,Indirect_Overhead_Rate_USD_per_hr
1,World Average,COMBI 2-EZ,"Case Erector EZ Series, Bottom Taper COMBI 2-EZ",1.57,1.47,1.09
1,World Average,COMBI 2-EZ XL,"Case Erector EZ Series, Bottom Taper COMBI 2-EZ XL",1.57,2.08,1.34
1,World Average,Manual Former,Manual Carton Former,1.57,0.00,0.88
1,World Average,Trayfecta M1200,Carton Former Trayfecta M1200,1.57,3.91,1.23
1,World Average,Trayfecta M1500,Carton Former M1500,1.57,4.16,1.29
2,World Average,3M 800r,3M-Matic Case Sealer 800r,1.57,0.63,0.93
2,World Average,Adjustable Flap Folding Case Sealer,Adjustable Flap Folding Case Sealer,1.57,0.99,1.00
2,World Average,Manual Carton Sealer,Manual Carton Sealer,1.57,0.00,0.88
3,World Average,Axiom Too 1200,,1.65,1.49,0.94
3,World Average,Axiom Too 1500,,1.65,1.71,0.96
3,World Average,Axiom Too 1800,,1.65,2.01,0.98
3,World Average,Axiom Too 900,,1.65,1.31,0.92
3,World Average,Axiom Xtreme 350,,1.65,1.18,0.90
3,World Average,Axiom Xtreme 500,,1.65,1.37,0.92
3,World Average,Axiom Zenith 1000,,1.65,2.11,1.01
3,World Average,Axiom Zenith 1500,,1.65,2.45,1.06
3,World Average,Axiom Zenith 2000,,1.65,2.79,1.10
3,World Average,Axiom Zenith 2500,,1.65,3.13,1.15
3,World Average,Axiom Zenith 3000,,1.65,3.54,1.19
4,World Average,Default,,1.65,1.92,9.82
5,World Average,AIM 1836W,,2.30,0.78,2.23
6,World Average,Default,,2.30,1.10,1.27
7,World Average,WHM-4102,,2.30,3.82,1.30
7,World Average,WHM-4400,,2.30,3.58,1.09
7,World Average,WHM-4600,,2.30,3.70,1.20
8,World Average,ZTISA-600,Automatic Bag Sealer ZTISA-600,1.57,0.13,0.90
8,World Average,ZTISA-450,Automatic Bag Sealer ZTISA-450 - Heat Sealing,1.57,0.12,0.90
8,World Average,Manual Pack & Loader,Manual Pack & Loader,1.57,0.00,0.88
8,World Average,Accu-Seal HDMP3-632,Automatic Bag Sealer Accu-Seal HDMP3-632,1.57,0.72,0.89
8,World Average,Accu-Seal HDMP3-532,Automatic Bag Sealer Accu-Seal HDMP3 - 532,1.57,0.67,0.89
8,World Average,Accu-Seal HDMP3-332,Automatic Bag Sealer Accu-Seal HDMP3 - 332,1.57,0.61,0.88
9,World Average,Ultrasonic A-Scan - 12.19m x 3.66m x 1.21m,,3.52,14.87,2.29
9,World Average,Ultrasonic A-Scan - 3.05m x 0.91m x 0.84m,,3.52,5.11,0.95
9,World Average,Ultrasonic A-Scan - 6.09m x 1.83m x 1.01m,,3.52,8.36,1.22
10,World Average,Ultrasonic C-Scan - 12.19m x 7.31m x 3.65m,,3.52,25.71,3.72
10,World Average,Ultrasonic C-Scan - 3.04m x 1.82m x 0.91m,,3.52,8.29,1.04
10,World Average,Ultrasonic C-Scan - 6.09m x 3.85m x 1.82m,,3.52,14.10,1.58
11,World Average,Allendale-Ultrasonics 112 Litre,,1.57,0.85,0.87
11,World Average,Allendale-Ultrasonics 13 Litre,,1.57,0.11,0.87
11,World Average,Allendale-Ultrasonics 145 Litre,,1.57,1.09,0.87
11,World Average,Allendale-Ultrasonics 20 Litre,,1.57,0.14,0.87
11,World Average,Allendale-Ultrasonics 235 Litre,,1.57,1.24,0.87
11,World Average,Allendale-Ultrasonics 27 Litre,,1.57,0.27,0.87
11,World Average,Allendale-Ultrasonics 288 Litre,,1.57,1.40,0.88
11,World Average,Allendale-Ultrasonics 3 Litre,,1.57,0.03,0.86
11,World Average,Allendale-Ultrasonics 38 Litre,,1.57,0.19,0.87
11,World Average,Allendale-Ultrasonics 57 Litre,,1.57,0.60,0.87
11,World Average,Allendale-Ultrasonics 9 Litre,,1.57,0.08,0.86
11,World Average,Allendale-Ultrasonics 93 Litre,,1.57,0.43,0.87
11,World Average,Elmasonic xtra ST 2500H-215 Litre,,1.57,1.97,0.89
12,World Average,Default,,2.30,1.92,9.82
