Name,Source Name,Description,Cut Code,Material Type,USA Name,DIN Name,EN Name,GB Name,JIS Name,Unit Cost (USD/kg),Can Die Cast,Can Sand Cast,Can Permanent Mold Cast,Chamber Type,Density (kg/m^3),Ejection Temp (C),Injection Temp (C),Liquidus Temp (C),Mold Temp (C),Heat of Fusion (J/kg),Specific Heat (J/(kg*K)),Thermal Conductivity (W/(m*K)),Clamping Pressure (MPa),Die Life (cycles),Min Wall Thickness (mm),Yield Loss Factor,Cooling Factor,Hardness,Hardness Scale,Milling Speed,Turning Speed,Cost Units,Base Cost Per Unit (USD/kg),Conversion Cost Factor
ASTM A148 Grade 105-85,Generic ASTM A148 Grade 105-85,Grade 105-85,2.1,Steel,ASTM A148 Grade 105-85,G34CrMo4,1.7230,ZG35Cr1Mo,SCCrM 3,0.878,false,true,false,Unspecified,"7,700",500,"1,613","1,462",400,"272,000.00",483.00,52.00,1,1.00,5.00,1.00,1.00,180.00 Brinell,N/A - not visible in screenshot,N/A - not visible in screenshot,N/A - not visible in screenshot,Cost per KG,0.88,0.82
ASTM A148 Grade 115-95,Generic ASTM A148 Grade 115-95,Grade 115-95,2.1,Steel,ASTM A148 Grade 115-95,G32NiCrMo8-5-4,1.6570,ISO G32NiCrMo8-5-4,SCNCrM 2,1.298,false,true,false,Unspecified,"7,850",500,"1,613","1,462",400,"270,000.00",450.00,52.00,1,1.00,5.00,1.00,1.00,180.00 Brinell,N/A - not visible in screenshot,N/A - not visible in screenshot,N/A - not visible in screenshot,Cost per KG,1.30,0.82
ASTM A148 Grade 80-40,Generic ASTM A148 Grade 80-40,Grade 80-40,1.3,Steel,ASTM A148 Grade 80-40,GE300,1.0558 GS-60,ZG310-570,G5111 SCC5A,0.622,false,true,false,Unspecified,"7,850",500,"1,613","1,462",400,"270,000.00",483.00,52.00,1,1.00,5.00,1.00,1.00,170.00 Brinell,N/A - not visible in screenshot,N/A - not visible in screenshot,N/A - not visible in screenshot,Cost per KG,0.62,0.82
ASTM A217 Grade CA15,Generic ASTM A217 Grade CA15,Grade CA15,5.21,Stainless Steel,ASTM A217 Grade CA15,GX8CrNi12,1.4107,ZG10Cr13Ni1,SCS 1,1.802,false,true,false,Unspecified,"7,700",500,"1,612","1,426",400,"270,000.00",502.00,15.00,1,1.00,5.00,1.00,1.00,200.00 Brinell,N/A - not visible in screenshot,N/A - not visible in screenshot,N/A - not visible in screenshot,Cost per KG,1.80,0.82
ASTM A27 Grade 65-35 [450-240],Generic ASTM A27 Grade 65-35 [450-240],Grade 65-35 [450-240],1.1,Steel,ASTM A27 Grade 65-35 [450-240],GE240,1.0446 GS 45,ZG230-450,G5101 SC450,0.622,false,true,false,Unspecified,"7,700",500,"1,613","1,462",400,"270,000.00",450.00,52.00,1,1.00,5.00,1.00,1.00,125.00 Brinell,N/A - not visible in screenshot,N/A - not visible in screenshot,N/A - not visible in screenshot,Cost per KG,0.62,0.82
ASTM A27 Grade U-60-30 [415-205],Generic ASTM A27 Grade U-60-30 [415-205],Grade U-60-30 [415-205],1.1,Steel,ASTM A27 Grade U-60-30 [415-205],GE200,1.0420 GS-38,ZG200-400H,SC 360,0.622,false,true,false,Unspecified,"7,700",500,"1,613","1,462",400,"270,000.00",483.00,52.00,1,1.00,5.00,1.00,1.00,125.00 Brinell,N/A - not visible in screenshot,N/A - not visible in screenshot,N/A - not visible in screenshot,Cost per KG,0.62,0.82
ASTM A304 1330 H,Generic ASTM A304 1330 H,Grade 1330 H,1.2,Steel,ASTM A304 1330 H,G28Mn6,1.1165,30Mn2,SCMn 3,0.649,false,true,false,Unspecified,"7,800",500,"1,613","1,462",400,"270,000.00",483.00,52.00,1,1.00,5.00,1.00,1.00,150.00 Brinell,N/A - not visible in screenshot,N/A - not visible in screenshot,N/A - not visible in screenshot,Cost per KG,0.65,1.00
ASTM A352 Grade LCB,Generic ASTM A352 Grade LCB,Grade LCB,1.2,Steel,ASTM A352 Grade LCB,G17Mn5,1.1131,ZG275-485H,SC 480,0.645,false,true,false,Unspecified,"7,800",500,"1,613","1,462",400,"270,000.00",483.00,52.00,1,1.00,5.00,1.00,1.00,150.00 Brinell,N/A - not visible in screenshot,N/A - not visible in screenshot,N/A - not visible in screenshot,Cost per KG,0.65,0.65
ASTM A352 Grade LCC,Generic ASTM A352 Grade LCC,Grade LCC,2.1,Steel,ASTM A352 Grade LCC,G20Mn5,1.6220,ZG 280-520,G5102 SCW480,0.755,false,true,false,Unspecified,"7,800",500,"1,613","1,462",400,"270,000.00",483.00,52.00,1,1.00,5.00,1.00,1.00,180.00 Brinell,N/A - not visible in screenshot,N/A - not visible in screenshot,N/A - not visible in screenshot,Cost per KG,0.76,0.82
ASTM A743 Grade CA-6NM,Generic ASTM A743 Grade CA-6NM,Grade CA-6NM,5.22,Stainless Steel,ASTM A743 Grade CA-6NM,GX4CrNiMo16-5-1,1.4405,ZG06Cr16Ni5Mo,SCS 31,3.053,false,true,false,Unspecified,"7,800",500,"1,612","1,426",400,"270,000.00",502.00,15.00,1,1.00,5.00,1.00,1.00,330.00 Brinell,N/A - not visible in screenshot,N/A - not visible in screenshot,N/A - not visible in screenshot,Cost per KG,3.05,0.82
ASTM Grade 20 Gray Iron,Generic ASTM Grade 20 Gray Iron,Grade 20 (Old DIN 0.6010 GG10),8.1,Gray Iron,ASTM Grade 20 Gray Iron,EN GJL-100,EN JL-1010,HT100,FC100,0.734,false,true,false,Unspecified,"7,100",315,"1,360","1,202",400,"270,000.00",450.00,46.00,1,1.00,5.00,1.00,1.00,180.00 Brinell,N/A - not visible in screenshot,N/A - not visible in screenshot,N/A - not visible in screenshot,Cost per KG,0.73,1.00
ASTM Grade 25 Gray Iron,Generic ASTM Grade 25 Gray Iron,Grade 25 (Old DIN 0.6015 GG15),8.1,Gray Iron,ASTM Grade 25 Gray Iron,EN GJL-150,EN JL-1020,HT150,FC150,0.734,false,true,false,Unspecified,"7,150",315,"1,360","1,202",400,"270,000.00",450.00,46.00,1,1.00,5.00,1.00,1.00,220.00 Brinell,N/A - not visible in screenshot,N/A - not visible in screenshot,N/A - not visible in screenshot,Cost per KG,0.73,1.00
ASTM Grade 30 Gray Iron,Generic ASTM Grade 30 Gray Iron,Grade 30 (Old DIN 0.6020 GG20),8.2,Gray Iron,ASTM Grade 30 Gray Iron,EN GJL-200,EN JL-1030,HT200,FC200,0.635,false,true,false,Unspecified,"7,200",315,"1,360","1,202",400,"270,000.00",450.00,46.00,1,1.00,5.00,1.00,1.00,220.00 Brinell,N/A - not visible in screenshot,N/A - not visible in screenshot,N/A - not visible in screenshot,Cost per KG,0.64,1.00
ASTM Grade 35 Gray Iron,Generic ASTM Grade 35 Gray Iron,Grade 35 (Old DIN 0.6025 GG25),8.2,Gray Iron,ASTM Grade 35 Gray Iron,EN GJL-250,EN JL-1040,HT250,FC250,0.679,false,true,false,Unspecified,"7,200",315,"1,360","1,202",400,"270,000.00",450.00,46.00,1,1.00,5.00,1.00,1.00,220.00 Brinell,N/A - not visible in screenshot,N/A - not visible in screenshot,N/A - not visible in screenshot,Cost per KG,0.68,1.00
ASTM Grade 45 Gray Iron,Generic ASTM Grade 45 Gray Iron,Grade 45 (Old DIN 0.6030 GG30),8.2,Gray Iron,ASTM Grade 45 Gray Iron,EN-GJL-300,EN-JL-1050,HT300,FC300,0.679,false,true,false,Unspecified,"7,300",400,"1,400","1,190",400,"270,000.00",450.00,46.00,1,1.00,5.00,1.00,1.00,220.00 Brinell,N/A - not visible in screenshot,N/A - not visible in screenshot,N/A - not visible in screenshot,Cost per KG,0.68,1.00
ASTM Grade 50 Gray Iron,Generic ASTM Grade 50 Gray Iron,Grade 50 (Old DIN 0.6035 GG35),8.2,Gray Iron,ASTM Grade 50 Gray Iron,EN-GJL-350,EN JL1060,HT350,FC350,0.679,false,true,false,Unspecified,"7,300",315,"1,360","1,202",400,"270,000.00",450.00,46.00,1,1.00,5.00,1.00,1.00,220.00 Brinell,N/A - not visible in screenshot,N/A - not visible in screenshot,N/A - not visible in screenshot,Cost per KG,0.68,1.00
Aluminum Bronze,Generic Aluminum Bronze,"Grade C95500 (B148, B176)",33.2,Aluminum Bronze,Aluminum Bronze,CuAl10Fe5Ni5-C-GS,CC333G-GS,ZCuAl10Fe5Ni5,CAC703C,12.318,true,false,true,Cold,"7,500",300,"1,205","1,077",220,"174,450.00",420.00,59.00,48,"100,000.00",4.75,1.00,0.47,100.00 Brinell,N/A - not visible in screenshot,N/A - not visible in screenshot,N/A - not visible in screenshot,Cost per KG,12.32,0.33
"Aluminum, ANSI 1050A","Generic Aluminum, ANSI 1050A",Grade 1050A,30.21,Aluminum,"Aluminum, ANSI 1050A","EN AW-Al 99,5",EN AW-1050A,1B,A1050,5.798,true,false,true,Cold,"2,700",200,690,636,220,"390,000.00",900.00,227.00,48,"100,000.00",4.75,1.00,0.47,75.00 Brinell,N/A - not visible in screenshot,N/A - not visible in screenshot,N/A - not visible in screenshot,Cost per KG,5.80,0.33
"Aluminum, ANSI 112.0","Generic Aluminum, ANSI 112.0","Grade 112 (B26, B108, B618)",30.21,Aluminum,"Aluminum, ANSI 112.0",EN AW-AlSi1MgMn,,,,5.661,true,false,true,Cold,"2,790",200,635,585,220,"398,000.00",900.00,205.00,48,"100,000.00",4.75,1.00,0.47,75.00 Brinell,N/A - not visible in screenshot,N/A - not visible in screenshot,N/A - not visible in screenshot,Cost per KG,5.66,0.33
"Aluminum, ANSI 2007","Generic Aluminum, ANSI 2007",Grade 2007,30.21,Aluminum,"Aluminum, ANSI 2007",EN AW-Al CuPbMgMn,EN AW-2007,,A2007,5.919,true,false,true,Cold,"2,850",200,690,636,220,"390,000.00",880.00,193.00,48,"100,000.00",4.75,1.00,0.47,75.00 Brinell,N/A - not visible in screenshot,N/A - not visible in screenshot,N/A - not visible in screenshot,Cost per KG,5.92,0.33
"Aluminum, ANSI 2017","Generic Aluminum, ANSI 2017",Grade 2017,30.21,Aluminum,"Aluminum, ANSI 2017",EN AW-Al Cu4MgSi,EN AW-2017,2017A,A2017,5.973,true,false,true,Cold,"2,700",200,690,636,220,"388,442.00",875.00,209.00,48,"100,000.00",4.75,1.00,0.47,75.00 Brinell,N/A - not visible in screenshot,N/A - not visible in screenshot,N/A - not visible in screenshot,Cost per KG,5.97,0.33
"Aluminum, ANSI 2024","Generic Aluminum, ANSI 2024",Grade 2024,30.21,Aluminum,"Aluminum, ANSI 2024",EN AW-Al Cu4Mg1,EN AW-2024,2024,A2024,5.981,true,false,true,Cold,"2,700",200,690,636,220,"398,000.00",900.00,205.00,48,"100,000.00",4.75,1.00,0.47,75.00 Brinell,N/A - not visible in screenshot,N/A - not visible in screenshot,N/A - not visible in screenshot,Cost per KG,5.98,0.33
"Aluminum, ANSI 2030","Generic Aluminum, ANSI 2030",Grade 2030,30.21,Aluminum,"Aluminum, ANSI 2030",EN AW-Al Cu4PbMg,EN AW-2030,7L25,A2030,5.925,true,false,true,Cold,"2,820",200,690,636,220,"388,000.00",963.00,120.00,48,"100,000.00",4.75,1.00,0.47,75.00 Brinell,N/A - not visible in screenshot,N/A - not visible in screenshot,N/A - not visible in screenshot,Cost per KG,5.93,0.33
"Aluminum, ANSI 204.0","Generic Aluminum, ANSI 204.0",Grade 204 (Old DIN 3.1841 G-AlCu4Ti),30.21,Aluminum,"Aluminum, ANSI 204.0",EN AC-AlCu4Ti,EN AC-21100,ZL201,AC1A.1,6.065,true,false,true,Cold,"2,740",200,635,585,220,"398,000.00",900.00,193.00,48,"100,000.00",4.75,1.00,0.47,75.00 Brinell,N/A - not visible in screenshot,N/A - not visible in screenshot,N/A - not visible in screenshot,Cost per KG,6.06,0.33
"Aluminum, ANSI 220.0","Generic Aluminum, ANSI 220.0","Grade 220 (B26, B108, B618)",30.21,Aluminum,"Aluminum, ANSI 220.0","EN AW-AlMg4,5Mn0,7",,,,5.590,true,false,true,Cold,"2,795",200,635,585,220,"388,442.00",900.00,205.00,48,"100,000.00",4.75,1.00,0.47,75.00 Brinell,N/A - not visible in screenshot,N/A - not visible in screenshot,N/A - not visible in screenshot,N/A - not visible in screenshot,N/A - not visible in screenshot,N/A - not visible in screenshot
"Aluminum, ANSI 3003","Generic Aluminum, ANSI 3003",,30.21,Aluminum,"Aluminum, ANSI 3003",,EN AW-Al Mn1Cu,3003,A3003,5.685,true,false,true,Cold,"2,730",200,690,636,220,"398,000.00",900.00,205.00,48,"100,000.00",4.75,1.00,0.47,75.00 Brinell,N/A - not visible in screenshot,N/A - not visible in screenshot,N/A - not visible in screenshot,Cost per KG,5.68,0.33
"Aluminum, ANSI 303.0","Generic Aluminum, ANSI 303.0",Grade 303 (Old DIN 3.2382 GD-AlSi10Mg),30.21,Aluminum,"Aluminum, ANSI 303.0",EN AC-AlSi10Mg(Fe),EN AC-43400,ZAlSi10Mg(Fe),ADC3,5.206,true,false,true,Cold,"2,740",200,635,585,220,"388,000.00",893.00,193.00,48,"100,000.00",4.75,1.00,0.47,75.00 Brinell,N/A - not visible in screenshot,N/A - not visible in screenshot,N/A - not visible in screenshot,Cost per KG,5.21,0.33
"Aluminum, ANSI 3103","Generic Aluminum, ANSI 3103",Grade 3103,30.21,Aluminum,"Aluminum, ANSI 3103",EN AW Al Mn 1,EN AW-3103,3103,A3103,5.678,true,false,true,Cold,"2,730",200,690,636,220,"389,000.00",900.00,205.00,48,"100,000.00",4.75,1.00,0.47,75.00 Brinell,N/A - not visible in screenshot,N/A - not visible in screenshot,N/A - not visible in screenshot,Cost per KG,5.68,0.33
"Aluminum, ANSI 319.0","Generic Aluminum, ANSI 319.0","Grade 319 (B26, B108, B618) (Old DIN 3.2151 G-AlSi6Cu4)",30.21,Aluminum,"Aluminum, ANSI 319.0",EN AW-AlSi6Cu4,EN AW-45000,ZL107,AC2B,5.680,true,false,true,Cold,"2,790",200,635,585,220,"389,000.00",963.00,109.00,48,"100,000.00",4.75,1.00,0.47,75.00 Brinell,N/A - not visible in screenshot,N/A - not visible in screenshot,N/A - not visible in screenshot,Cost per KG,5.68,0.33
"Aluminum, ANSI 333.0","Generic Aluminum, ANSI 333.0",Grade 333 (Old DIN 2.3163 GD-AlSi9Cu3),30.21,Aluminum,"Aluminum, ANSI 333.0",EN AC-AlSi9Cu3(Fe),EN AC-46000,ZAlSi9Cu3(Fe),ADC10,5.497,true,false,true,Cold,"2,740",200,690,636,220,"389,000.00",963.00,105.00,48,"100,000.00",4.75,1.00,0.47,75.00 Brinell,N/A - not visible in screenshot,N/A - not visible in screenshot,N/A - not visible in screenshot,Cost per KG,5.50,0.33
"Aluminum, ANSI 356.0","Generic Aluminum, ANSI 356.0","Grade 356 (B26, B108, B618) (Old DIN 3.2371 G-AlSi7Mg)",30.21,Aluminum,"Aluminum, ANSI 356.0",EN AC-AlSi7Mg,EN AC-42100,HZL101,AC4D,5.272,true,false,true,Cold,"2,790",200,635,585,220,"389,000.00",963.00,167.00,48,"100,000.00",4.75,1.00,0.47,75.00 Brinell,N/A - not visible in screenshot,N/A - not visible in screenshot,N/A - not visible in screenshot,Cost per KG,5.27,0.33
"Aluminum, ANSI 357.0","Generic Aluminum, ANSI 357.0","Grade 357 (B26, B108, B618)",30.21,Aluminum,"Aluminum, ANSI 357.0",EN AC-AlSi7Mg0.6,EN AC-42200,ZL101,AC4C,5.370,true,false,true,Cold,"2,790",200,635,585,220,"389,000.00",963.00,151.00,48,"100,000.00",4.75,1.00,0.47,75.00 Brinell,N/A - not visible in screenshot,N/A - not visible in screenshot,N/A - not visible in screenshot,Cost per KG,5.37,0.33
"Aluminum, ANSI 361.0","Generic Aluminum, ANSI 361.0",Grade 361 (Old DIN 2.2381 G-AlSi10Mg),30.21,Aluminum,"Aluminum, ANSI 361.0",EN AC-AlSi10Mg,EN AC-43000,,AC4A,5.175,true,false,true,Cold,"2,740",200,690,636,220,"398,000.00",963.00,121.00,48,"100,000.00",4.75,1.00,0.47,75.00 Brinell,N/A - not visible in screenshot,N/A - not visible in screenshot,N/A - not visible in screenshot,Cost per KG,5.18,0.33
"Aluminum, ANSI 365.0","Generic Aluminum, ANSI 365.0",Grade 365 (Old DIN3.2373 G-AlSi9Mg),30.21,Aluminum,"Aluminum, ANSI 365.0",EN AC-AlSi9Mg,EN AC-43300,,,5.238,true,false,true,Cold,"2,740",200,690,636,220,"398,000.00",963.00,121.00,48,"100,000.00",4.75,1.00,0.47,75.00 Brinell,N/A - not visible in screenshot,N/A - not visible in screenshot,N/A - not visible in screenshot,Cost per KG,5.24,0.33
"Aluminum, ANSI 413.0","Generic Aluminum, ANSI 413.0",Grade 413 (Old DIN 2.3982 GD-AlSi12(Cu)),30.21,Aluminum,"Aluminum, ANSI 413.0",EN AC-AlSi12Cu1(Fe),EN AC-47100,ZAlSi12Cu1(Fe),ADC1,5.108,true,false,true,Cold,"2,740",200,690,636,220,"389,000.00",963.00,121.00,48,"100,000.00",4.75,1.00,0.47,75.00 Brinell,N/A - not visible in screenshot,N/A - not visible in screenshot,N/A - not visible in screenshot,Cost per KG,5.11,0.33
"Aluminum, ANSI 5005A","Generic Aluminum, ANSI 5005A",Grade 5005A,30.21,Aluminum,"Aluminum, ANSI 5005A",EN AW-Al Mg1,EN AW-5005A,,,5.743,true,false,true,Cold,"2,700",200,690,636,220,"398,000.00",893.00,200.00,48,"100,000.00",4.75,1.00,0.47,75.00 Brinell,N/A - not visible in screenshot,N/A - not visible in screenshot,N/A - not visible in screenshot,Cost per KG,5.74,0.33
"Aluminum, ANSI 5019","Generic Aluminum, ANSI 5019",Grade 5019 (old DIN 3.3261.01 G-AlMg5Si),30.21,Aluminum,"Aluminum, ANSI 5019",EN AC-AlMg5(Si),EN AC-51400,ZAlMg5Si,AC7A,5.499,true,false,true,Cold,"2,630",200,675,656,275,"373,000.00","1,047.00",72.70,48,"180,000.00",4.00,1.00,0.31,75.00 Brinell,N/A - not visible in screenshot,N/A - not visible in screenshot,N/A - not visible in screenshot,Cost per KG,5.50,0.33
"Aluminum, ANSI 5083","Generic Aluminum, ANSI 5083",Grade 5083,30.21,Aluminum,"Aluminum, ANSI 5083","EN AW Mg4,5Mn0,7",EN AW-5083,5083 (LF4),A5083,5.590,true,false,true,Cold,"2,700",200,690,636,220,"398,000.00",900.00,134.00,48,"100,000.00",4.75,1.00,0.47,75.00 Brinell,N/A - not visible in screenshot,N/A - not visible in screenshot,N/A - not visible in screenshot,Cost per KG,5.66,0.33
"Aluminum, ANSI 5119","Generic Aluminum, ANSI 5119",Grade Aluminum 5119,30.21,Aluminum,"Aluminum, ANSI 5119",EN AW-Al Mg5,EN AW-5019,5019,A5056,5.580,true,false,true,Cold,"2,640",200,690,636,220,"398,000.00",900.00,134.00,48,"100,000.00",4.75,1.00,0.47,75.00 Brinell,N/A - not visible in screenshot,N/A - not visible in screenshot,N/A - not visible in screenshot,Cost per KG,5.58,0.33
"Aluminum, ANSI 5251","Generic Aluminum, ANSI 5251",Grade 5251,30.21,Aluminum,"Aluminum, ANSI 5251","EN AW-AlMg2Mn0,3",EN AW-5251,ISO 5251,A 5251T,5.682,true,false,true,Cold,"2,680",200,635,585,220,"389,000.00",963.00,105.00,48,"100,000.00",4.75,1.00,0.47,75.00 Brinell,N/A - not visible in screenshot,N/A - not visible in screenshot,N/A - not visible in screenshot,Cost per KG,5.69,0.33
"Aluminum, ANSI 5454","Generic Aluminum, ANSI 5454",Grade 5454,30.21,Aluminum,"Aluminum, ANSI 5454",EN AW-Al Mg3Mn,EN AW-5454,5454,A5454,5.653,true,false,true,Cold,"2,700",200,690,636,220,"398,000.00",900.00,137.00,48,"100,000.00",4.75,1.00,0.47,75.00 Brinell,N/A - not visible in screenshot,N/A - not visible in screenshot,N/A - not visible in screenshot,Cost per KG,5.65,0.33
"Aluminum, ANSI 5754","Generic Aluminum, ANSI 5754",Grade Aluminum 5754,30.21,Aluminum,"Aluminum, ANSI 5754",EN AW-Al Mg3,EN AW-5754,5754,A5754,5.807,true,false,true,Cold,"2,750",200,690,960,220,"398,000.00",900.00,125.00,48,"100,000.00",4.75,1.00,0.47,75.00 Brinell,N/A - not visible in screenshot,N/A - not visible in screenshot,N/A - not visible in screenshot,Cost per KG,5.81,0.33
"Aluminum, ANSI 6012","Generic Aluminum, ANSI 6012",Grade 6012,30.21,Aluminum,"Aluminum, ANSI 6012",EN AW-Al MgSiPb,EN AW-6012,,,5.659,true,false,true,Cold,"2,750",200,690,636,220,"398,000.00",900.00,170.00,48,"100,000.00",4.75,1.00,0.47,75.00 Brinell,N/A - not visible in screenshot,N/A - not visible in screenshot,N/A - not visible in screenshot,Cost per KG,5.66,0.33
"Aluminum, ANSI 6060","Generic Aluminum, ANSI 6060",Grade 6060,30.21,Aluminum,"Aluminum, ANSI 6060",EN AW-Al MgSi,EN AW-6060,6060,A6060,5.751,true,false,true,Cold,"2,700",200,690,636,220,"398,000.00",900.00,227.00,48,"100,000.00",4.75,1.00,0.47,75.00 Brinell,N/A - not visible in screenshot,N/A - not visible in screenshot,N/A - not visible in screenshot,N/A - not visible in screenshot,N/A - not visible in screenshot,N/A - not visible in screenshot
"Aluminum, ANSI 6082","Generic Aluminum, ANSI 6082",Grade 6082,30.21,Aluminum,"Aluminum, ANSI 6082",EN AW-Al Si1MgMn,EN AW-6082,LD2,A6082,5.661,true,false,true,Cold,"2,700",200,635,585,220,"398,000.00",900.00,205.00,48,"100,000.00",4.75,1.00,0.47,75.00 Brinell,N/A - not visible in screenshot,N/A - not visible in screenshot,N/A - not visible in screenshot,N/A - not visible in screenshot,N/A - not visible in screenshot,N/A - not visible in screenshot
"Aluminum, ANSI 7020","Generic Aluminum, ANSI 7020",Grade 7020,30.21,Aluminum,"Aluminum, ANSI 7020","EN AW-Al Zn4,5Mg1",EN AW-7020,7020,A7020,5.613,true,false,true,Cold,"2,770",200,690,636,220,"398,000.00",875.00,137.00,48,"100,000.00",4.75,1.00,0.47,75.00 Brinell,N/A - not visible in screenshot,N/A - not visible in screenshot,N/A - not visible in screenshot,Cost per KG,5.61,0.33
"Aluminum, ANSI 7022","Generic Aluminum, ANSI 7022",Grade 7022,30.21,Aluminum,"Aluminum, ANSI 7022",EN AW-Al Zn5Mg3Cu,EN AW-7022,7022,A7022,5.581,true,false,true,Cold,"2,780",200,690,636,220,"389,000.00",963.00,173.00,48,"100,000.00",4.75,1.00,0.47,75.00 Brinell,N/A - not visible in screenshot,N/A - not visible in screenshot,N/A - not visible in screenshot,Cost per KG,5.58,0.33
"Aluminum, ANSI 7075","Generic Aluminum, ANSI 7075",Grade 7075,30.21,Aluminum,"Aluminum, ANSI 7075","EN AW-Al Zn5,5MgCu",EN AW-7075,7075,A7075,5.626,true,false,true,Cold,"2,810",200,690,636,220,"398,000.00",960.00,173.00,48,"100,000.00",4.75,1.00,0.47,75.00 Brinell,N/A - not visible in screenshot,N/A - not visible in screenshot,N/A - not visible in screenshot,N/A - not visible in screenshot,N/A - not visible in screenshot,N/A - not visible in screenshot
"Aluminum, ANSI A413.0","Generic Aluminum, ANSI A413.0",Grade A413 (Old DIN 3.2583 G-AlSi12(Cu)),30.21,Aluminum,"Aluminum, ANSI A413.0",EN AC-AlSi12Cu,EN AC-47000,ZAlSi12Cu,AC4B,5.106,true,false,true,Cold,"2,740",200,690,636,220,"389,000.00",963.00,121.00,48,"100,000.00",4.75,1.00,0.47,75.00 Brinell,N/A - not visible in screenshot,N/A - not visible in screenshot,N/A - not visible in screenshot,Cost per KG,5.11,0.33
"Aluminum, ANSI AL380.0","Generic Aluminum, ANSI AL380.0","Grade AL380 (B26, B108, B618) (Old DIN 3.2163 GD-AlSi9Cu3)",30.21,Aluminum,"Aluminum, ANSI AL380.0",EN AC-AlSi9Cu3,EN AC-46200,ZL109,AC4B,5.515,true,false,true,Cold,"2,740",200,690,636,220,"389,000.00",963.00,109.00,48,"100,000.00",4.75,1.00,0.47,75.00 Brinell,N/A - not visible in screenshot,N/A - not visible in screenshot,N/A - not visible in screenshot,Cost per KG,5.52,0.33
"Aluminum, ANSI B413.0","Generic Aluminum, ANSI B413.0",Grade B413 (Old DIN 2.3581 G-AlSi12),30.21,Aluminum,"Aluminum, ANSI B413.0",EN AC-AlSi12,EN AC-44200,ZL102,AC3A,5.108,true,false,true,Cold,"2,740",200,690,636,220,"389,000.00",963.00,121.00,48,"100,000.00",4.75,1.00,0.47,75.00 Brinell,N/A - not visible in screenshot,N/A - not visible in screenshot,N/A - not visible in screenshot,Cost per KG,5.11,0.33
"Brass, Free-Cutting 360","Generic Brass, Free-Cutting 360","Grade C85700 (B30, B176)",33.1,Brass,"Brass, Free-Cutting 360",CuZn 33 Pb,2.0291,CZuZn38,CACIn203,9.271,true,false,true,Cold,"8,800",300,"1,052",940,220,"168,000.00",380.00,109.00,48,"100,000.00",3.00,1.00,0.63,110.00 Brinell,N/A - not visible in screenshot,N/A - not visible in screenshot,N/A - not visible in screenshot,Cost per KG,9.27,0.33
"Brass, Yellow 270","Generic Brass, Yellow 270","Grade 270 (B30, B176)",33.2,Brass,"Brass, Yellow 270",CuZn36,2.0335,C27000,C 2700 W,9.646,true,false,true,Cold,"8,400",300,"1,052",940,220,"160,000.00",380.00,116.00,48,"100,000.00",3.00,1.00,0.63,90.00 Brinell,N/A - not visible in screenshot,N/A - not visible in screenshot,N/A - not visible in screenshot,Cost per KG,9.65,0.52
"Bronze, Commercial 220","Generic Bronze, Commercial 220","Grade C94900 (B30, B176)",33.3,Bronze,"Bronze, Commercial 220",17655,1982(98) CC498K,BCln6,CACIn406,11.519,true,false,true,Cold,"8,800",300,"1,162",904,220,"174,450.00",435.00,61.70,48,"100,000.00",4.75,1.00,0.47,100.00 Brinell,N/A - not visible in screenshot,N/A - not visible in screenshot,N/A - not visible in screenshot,Cost per KG,11.52,0.33
"Ductile Iron, ASTM A536, 100-70-03","Generic Ductile Iron, ASTM A536, 100-70-03",Grade 100-70-03 (Old DIN 0.7050 GGG70),9.2,Ductile Iron,"Ductile Iron, ASTM A536, 100-70-03",EN GJS-700-2,EN JS-1070,QT700-2,FCD700-2,0.714,false,true,false,Unspecified,"7,100",315,"1,390","1,159",400,"270,000.00",506.00,32.31,1,1.00,5.00,1.00,1.00,250.00 Brinell,N/A - not visible in screenshot,N/A - not visible in screenshot,N/A - not visible in screenshot,Cost per KG,0.71,1.00
"Ductile Iron, ASTM A536, 120-90-02","Generic Ductile Iron, ASTM A536, 120-90-02",Grade 120-90-02,9.2,Ductile Iron,"Ductile Iron, ASTM A536, 120-90-02",EN GJS-800-2,EN JS-1080,QT 800-2,FCD 800-2,0.633,false,true,false,Unspecified,"7,200",315,"1,390","1,159",400,"270,000.00",531.00,32.31,1,1.00,5.00,1.00,1.00,250.00 Brinell,N/A - not visible in screenshot,N/A - not visible in screenshot,N/A - not visible in screenshot,Cost per KG,0.62,0.82
"Ductile Iron, ASTM A536, 60-40-18","Generic Ductile Iron, ASTM A536, 60-40-18",Grade 60-40-18,9.1,Ductile Iron,"Ductile Iron, ASTM A536, 60-40-18",EN-GJS-400-18,EN-JS-1020,ISO JS 400-18/S,FCD 400-18,0.640,false,true,false,Unspecified,"7,100",315,"1,390","1,159",400,"270,000.00",450.00,35.00,1,1.00,5.00,1.00,1.00,160.00 Brinell,N/A - not visible in screenshot,N/A - not visible in screenshot,N/A - not visible in screenshot,Cost per KG,0.64,0.64
"Ductile Iron, ASTM A536, 70-50-05","Generic Ductile Iron, ASTM A536, 70-50-05",Grade 70-50-05 (Old DIN 0.7050 GGG50),9.1,Ductile Iron,"Ductile Iron, ASTM A536, 70-50-05",EN-GJS-500-7,EN-JS-1050,QT500-7,FCD500-7,0.661,false,true,false,Unspecified,"7,200",315,"1,390","1,159",400,"270,000.00",450.00,33.00,1,1.00,5.00,1.00,1.00,160.00 Brinell,N/A - not visible in screenshot,N/A - not visible in screenshot,N/A - not visible in screenshot,Cost per KG,0.66,0.66
"Ductile Iron, ASTM A536, 80-60-03","Generic Ductile Iron, ASTM A536, 80-60-03",Grade 80-60-03 (Old DIN 0.7050 GG60),9.2,Ductile Iron,"Ductile Iron, ASTM A536, 80-60-03",EN GJS-600-3,EN JS-1060,QT600-3,FCD600-3,0.713,false,true,false,Unspecified,"7,200",315,"1,390","1,159",400,"270,000.00",460.00,33.00,1,1.00,5.00,1.00,1.00,250.00 Brinell,N/A - not visible in screenshot,N/A - not visible in screenshot,N/A - not visible in screenshot,Cost per KG,0.71,1.00
ISO JMB 300-6,Generic ISO JMB 300-6,ISO JMB 300-6,7.1,Malleable Cast Iron,ISO JMB 300-6,EN GJMB-300-6,EN JM1110,KTH 300-06,FCMB 31-08,0.679,false,true,false,Unspecified,"7,100",315,"1,390","1,204",400,"272,000.00",502.00,79.50,1,1.00,5.00,1.00,1.00,130.00 Brinell,N/A - not visible in screenshot,N/A - not visible in screenshot,N/A - not visible in screenshot,Cost per KG,0.68,1.00
ISO JMB 350-10,Generic ISO JMB 350-10,ISO JMB 350-10,7.1,Malleable Cast Iron,ISO JMB 350-10,EN GJMB-350-10,EN JM1130,KTH 350-10,FCMB 35-10,0.679,false,true,false,Unspecified,"7,100",315,"1,390","1,204",400,"272,000.00",502.00,79.50,1,1.00,5.00,1.00,1.00,230.00 Brinell,N/A - not visible in screenshot,N/A - not visible in screenshot,N/A - not visible in screenshot,Cost per KG,0.68,1.00
ISO JMB 450-6,Generic ISO JMB 450-6,ISO JMB 450-6,7.2,Malleable Cast Iron,ISO JMB 450-6,EN GJMB-450-6,EN JM1140,KTZ 450-06,FCMP 45-06,0.679,false,true,false,Unspecified,"7,100",315,"1,390","1,204",400,"272,000.00",502.00,79.50,1,1.00,5.00,1.00,1.00,230.00 Brinell,N/A - not visible in screenshot,N/A - not visible in screenshot,N/A - not visible in screenshot,Cost per KG,0.68,1.00
ISO JMB 500-5,Generic ISO JMB 500-5,ISO JMB 500-5,7.2,Malleable Cast Iron,ISO JMB 500-5,EN GJMB-500-5,EN JM1150,KTZ 500-05,FCMP 50-05,0.679,false,true,false,Unspecified,"7,200",315,"1,390","1,204",400,"272,000.00",502.00,79.50,1,1.00,5.00,1.00,1.00,250.00 Brinell,N/A - not visible in screenshot,N/A - not visible in screenshot,N/A - not visible in screenshot,Cost per KG,0.68,1.00
ISO JMB 550-4,Generic ISO JMB 550-4,ISO JMB 550-4,7.2,Malleable Cast Iron,ISO JMB 550-4,EN GJMB-550-4,EN JM1160,KTZ 550-04,FCMP 55-04,0.679,false,true,false,Unspecified,"7,200",315,"1,390","1,204",400,"272,000.00",502.00,79.50,1,1.00,5.00,1.00,1.00,250.00 Brinell,N/A - not visible in screenshot,N/A - not visible in screenshot,N/A - not visible in screenshot,Cost per KG,0.68,1.00
ISO JMB 600-3,Generic ISO JMB 600-3,ISO JMB 600-3,7.2,Malleable Cast Iron,ISO JMB 600-3,EN GJMB-600-3,EN JM1170,KTZ 600-03,FCMP 60-03,0.679,false,true,false,Unspecified,"7,200",315,"1,390","1,204",400,"272,000.00",502.00,79.50,1,1.00,5.00,1.00,1.00,250.00 Brinell,N/A - not visible in screenshot,N/A - not visible in screenshot,N/A - not visible in screenshot,Cost per KG,0.68,1.00
ISO JMB 650-2,Generic ISO JMB 650-2,ISO JMB 650-2,7.2,Malleable Cast Iron,ISO JMB 650-2,EN GJMB-650-2,EN JM1180,KTZ 650-02,ISO JMB 650-2,0.679,false,true,false,Unspecified,"7,200",315,"1,390","1,204",400,"272,000.00",502.00,79.50,1,1.00,5.00,1.00,1.00,230.00 Brinell,N/A - not visible in screenshot,N/A - not visible in screenshot,N/A - not visible in screenshot,Cost per KG,0.68,1.00
ISO JMB 700-2,Generic ISO JMB 700-2,ISO JMB 700-2,7.3,Malleable Cast Iron,ISO JMB 700-2,EN GJMB-700-2,EN JM1190,KTZ 700-02,FCMP 70-02,0.679,false,true,false,Unspecified,"7,200",315,"1,390","1,204",400,"272,000.00",502.00,79.50,1,1.00,5.00,1.00,1.00,250.00 Brinell,N/A - not visible in screenshot,N/A - not visible in screenshot,N/A - not visible in screenshot,Cost per KG,0.68,1.00
ISO JMB 800-1,Generic ISO JMB 800-1,ISO JMB 800-1,7.3,Malleable Cast Iron,ISO JMB 800-1,EN GJMB-800-1,EN JM1200,KTZ 800-01,ISO JMB 800-1,0.679,false,true,false,Unspecified,"7,200",315,"1,390","1,204",400,"272,000.00",502.00,79.50,1,1.00,5.00,1.00,1.00,250.00 Brinell,N/A - not visible in screenshot,N/A - not visible in screenshot,N/A - not visible in screenshot,Cost per KG,0.68,1.00
ISO JMW 350-4,Generic ISO JMW 350-4,ISO JMW 350-4,7.2,Malleable Cast Iron,ISO JMW 350-4,EN-GJMW-350-4,EN JM1010,KTB 350-04,FCMW 35-04,0.679,false,true,false,Unspecified,"7,200",315,"1,390","1,204",400,"272,000.00",502.00,79.50,1,1.00,5.00,1.00,1.00,230.00 Brinell,N/A - not visible in screenshot,N/A - not visible in screenshot,N/A - not visible in screenshot,Cost per KG,0.68,1.00
ISO JMW 360-12,Generic ISO JMW 360-12,ISO JMW 360-12,7.2,Malleable Cast Iron,ISO JMW 360-12,EN-GJMW-360-12,EN JM1020,KTB 380-12,FCMW 38-12,0.679,false,true,false,Unspecified,"7,200",315,"1,390","1,204",400,"272,000.00",502.00,79.50,1,1.00,5.00,1.00,1.00,230.00 Brinell,N/A - not visible in screenshot,N/A - not visible in screenshot,N/A - not visible in screenshot,Cost per KG,0.68,1.00
ISO JMW 400-5,Generic ISO JMW 400-5,ISO JMW 400-5,7.2,Malleable Cast Iron,ISO JMW 400-5,EN GJMW-400-5,EN JM1030,KTB 400-05,FCMW 42-05,0.679,false,true,false,Unspecified,"7,200",315,"1,390","1,204",400,"272,000.00",502.00,79.50,1,1.00,5.00,1.00,1.00,230.00 Brinell,N/A - not visible in screenshot,N/A - not visible in screenshot,N/A - not visible in screenshot,Cost per KG,0.68,1.00
ISO JMW 450-7,Generic ISO JMW 450-7,ISO JMW 450-7,7.2,Malleable Cast Iron,ISO JMW 450-7,EN-GJMW-450-7,EN JM1040,KTB 450-07,FCMW 370 Class 2,0.679,false,true,false,Unspecified,"7,200",315,"1,390","1,204",400,"272,000.00",502.00,79.50,1,1.00,5.00,1.00,1.00,230.00 Brinell,N/A - not visible in screenshot,N/A - not visible in screenshot,N/A - not visible in screenshot,Cost per KG,0.68,1.00
ISO JMW 550-4,Generic ISO JMW 550-4,ISO JMW 550-4,7.2,Malleable Cast Iron,ISO JMW 550-4,EN-GJMW-550-4,EN JM1050,KTB 550-04,FCMW 45-07,0.679,false,true,false,Unspecified,"7,200",315,"1,390","1,204",400,"272,000.00",502.00,79.50,1,1.00,5.00,1.00,1.00,230.00 Brinell,N/A - not visible in screenshot,N/A - not visible in screenshot,N/A - not visible in screenshot,Cost per KG,0.68,1.00
ISO JS 350-22/S,Generic ISO JS 350-22/S,ISO JS 350-22/S,9.1,Ductile Iron,ISO JS 350-22/S,EN-GJS-350-22,EN JS-1010,ISO JS 350-22/S,FCD 350-22,0.729,false,true,false,Unspecified,"7,100",315,"1,390","1,159",400,"272,000.00",502.00,32.31,1,1.00,5.00,1.00,1.00,160.00 Brinell,N/A - not visible in screenshot,N/A - not visible in screenshot,N/A - not visible in screenshot,Cost per KG,0.73,1.00
ISO JS 450-10/S,Generic ISO JS 450-10/S,ISO JS 450-10/S,9.1,Ductile Iron,ISO JS 450-10/S,EN-GJS-450-10,EN JS-1040,ISO JS 450-10/S,FCD 450-10,0.729,false,true,false,Unspecified,"7,200",315,"1,390","1,159",400,"272,000.00",502.00,32.31,1,1.00,5.00,1.00,1.00,230.00 Brinell,N/A - not visible in screenshot,N/A - not visible in screenshot,N/A - not visible in screenshot,Cost per KG,0.73,1.00
ISO JS 900-2/S,Generic ISO JS 900-2/S,ISO JS 900-2/S,9.2,Ductile Iron,ISO JS 900-2/S,EN-GJS-900-2,EN JS-1090,QT 900-2,FCAD 900-4,0.740,false,true,false,Unspecified,"7,200",315,"1,390","1,159",400,"272,000.00",502.00,79.50,1,1.00,5.00,1.00,1.00,250.00 Brinell,N/A - not visible in screenshot,N/A - not visible in screenshot,N/A - not visible in screenshot,Cost per KG,0.74,1.00
Lead,Generic Lead,Grade Pb98.5 (B29),33.2,Lead,Lead,1719,12659,(Lead - cast),(Lead - cast),3.664,true,false,true,Hot,"11,350",180,380,320,150,"26,284.00",133.00,34.70,21,"500,000.00",3.00,1.00,0.31,90.00 Brinell,N/A - not visible in screenshot,N/A - not visible in screenshot,N/A - not visible in screenshot,Cost per KG,3.68,0.18
Magnesium AM60B,Generic Magnesium AM60B,Grade AM60B (B94),30.21,Magnesium,Magnesium AM60B,EN MC MgAl6Mn,EN MC 21230,YZMgAl6Mn,MDC2B,2.831,true,false,true,Cold,"1,800",100,675,656,275,"373,000.00","1,000.00",61.00,48,"180,000.00",4.00,1.00,0.31,75.00 Brinell,N/A - not visible in screenshot,N/A - not visible in screenshot,N/A - not visible in screenshot,Cost per KG,2.83,0.34
Magnesium AZ91D,Generic Magnesium AZ91D,Grade AZ91D (B94),30.21,Magnesium,Magnesium AZ91D,EN MC MgAl9Zn1,EN MC 21121,YZMgAl9Zn1(B),MD1D,2.707,true,false,true,Hot,"1,800",100,675,656,275,"373,000.00","1,047.00",72.70,48,"180,000.00",4.00,1.00,0.31,75.00 Brinell,N/A - not visible in screenshot,N/A - not visible in screenshot,N/A - not visible in screenshot,Cost per KG,2.71,0.34
Magnesium AZ91E,Generic Magnesium AZ91E,Grade AZ91E (B94),30.21,Magnesium,Magnesium AZ91E,EN MC MgAl9Zn1(A),EN MC 21120,YZMgAl9Zn1(A),MDC1D,2.409,true,false,true,Hot,"1,810",100,675,656,275,"373,000.00","1,047.00",72.70,48,"180,000.00",4.00,1.00,0.31,75.00 Brinell,N/A - not visible in screenshot,N/A - not visible in screenshot,N/A - not visible in screenshot,Cost per KG,2.41,0.34
"Manganese Bronze, 863","Generic Manganese Bronze, 863","Grade C86300 (B30, B176)",33.3,Manganese Bronze,"Manganese Bronze, 863",1982(98) CC762S,2.0598,ZCuZn26Al4Fe3Mn,CAC304C,3.647,true,false,true,Cold,"8,800",300,"1,059",913,315,"174,450.00",376.00,41.00,40,"15,000.00",2.30,1.00,0.63,100.00 Brinell,N/A - not visible in screenshot,N/A - not visible in screenshot,N/A - not visible in screenshot,Cost per KG,3.65,0.52
"Manganese Bronze, 865","Generic Manganese Bronze, 865","Grade C86500 (B30, B176)",33.3,Manganese Bronze,"Manganese Bronze, 865",1982-CC765S-GS,2.0531,ZCuZn25Al6Mn3,CAC301C,3.654,true,false,true,Cold,"8,300",300,"1,059",913,315,"174,450.00",380.00,41.00,40,"15,000.00",2.30,1.00,0.63,100.00 Brinell,N/A - not visible in screenshot,N/A - not visible in screenshot,N/A - not visible in screenshot,Cost per KG,3.65,0.52
SAE 4118,Generic SAE 4118,ASTM A217 Grade WC6,2.1,Steel,SAE 4118,G17CrMo5-5,1.7357,ZG15Cr1MoG,SCPH 21,1.176,false,true,false,Unspecified,"7,850",500,"1,613","1,462",400,"272,000.00",483.00,52.00,1,1.00,5.00,1.00,1.00,180.00 Brinell,N/A - not visible in screenshot,N/A - not visible in screenshot,N/A - not visible in screenshot,Cost per KG,1.18,0.82
Silicon Brass 879,Generic Silicon Brass 879,Grade 879 (B108),33.2,Silicon Brass,Silicon Brass 879,14640,2.0383,(Silicon Brass),CAC203,4.735,true,false,true,Cold,"8,500",300,961,926,315,"272,000.00",376.00,36.00,48,"100,000.00",4.75,1.00,0.47,90.00 Brinell,N/A - not visible in screenshot,N/A - not visible in screenshot,N/A - not visible in screenshot,Cost per KG,4.74,0.52
"Stainless Steel, A351 CF8","Generic Stainless Steel, A351 CF8",Grade CF8 (DIN 1.4308),15.21,Stainless Steel,"Stainless Steel, A351 CF8",GX5CrNi19-10,1.4308,00Cr19Ni10,SCS13A,2.861,false,true,false,Unspecified,"7,880",500,"1,612","1,426",400,"270,000.00",510.00,15.00,1,1.00,5.00,1.00,1.00,200.00 Brinell,N/A - not visible in screenshot,N/A - not visible in screenshot,N/A - not visible in screenshot,Cost per KG,2.86,0.82
"Stainless Steel, AISI 303","Generic Stainless Steel, AISI 303",,15.21,Stainless Steel,"Stainless Steel, AISI 303",X8CrNiS18-9,1.4305,S30317,SUS303,3.450,false,true,false,Unspecified,"8,073",500,"1,612","1,426",400,"270,000.00",510.00,16.30,1,1.00,5.00,1.00,1.00,200.00 Brinell,N/A - not visible in screenshot,N/A - not visible in screenshot,N/A - not visible in screenshot,Cost per KG,3.45,0.82
"Steel, AISI 1045, Medium-Carbon","Generic Steel, AISI 1045, Medium-Carbon",Grade 1045 (DIN 1.1191),1.2,Steel,"Steel, AISI 1045, Medium-Carbon",GS-Ck45,1.1191 C45E,45H,S45C,0.633,false,true,false,Unspecified,"7,870",500,"1,613","1,462",400,"272,000.00",450.00,52.00,1,1.00,5.00,1.00,1.00,150.00 Brinell,N/A - not visible in screenshot,N/A - not visible in screenshot,N/A - not visible in screenshot,Cost per KG,0.63,0.82
"Steel, AISI 4140, Medium-Carbon","Generic Steel, AISI 4140, Medium-Carbon",Grade 4140 (Old DIN 1.7225 GS-42CrMo4),2.1,Steel,"Steel, AISI 4140, Medium-Carbon",G42CrMo4,1.7231,ZG42CrMo,SCM440H,0.881,false,true,false,Unspecified,"7,830",500,"1,613","1,462",400,"272,000.00",450.00,52.00,1,1.00,5.00,1.00,1.00,180.00 Brinell,N/A - not visible in screenshot,N/A - not visible in screenshot,N/A - not visible in screenshot,Cost per KG,0.88,0.82
"Steel, ASTM A27 Grade 70-40 (485-275)","Generic Steel, ASTM A27 Grade 70-40 (485-275)",Grade 70-40 (A27),6.1,Steel,"Steel, ASTM A27 Grade 70-40 (485-275)",GP 280 GH,1.0625,ZG270-500,270-480 W,0.640,false,true,false,Unspecified,"7,700",500,"1,613","1,462",400,"272,000.00",483.00,52.00,1,1.00,5.00,1.00,1.00,150.00 Brinell,N/A - not visible in screenshot,N/A - not visible in screenshot,N/A - not visible in screenshot,Cost per KG,0.64,0.82
"Steel, ASTM A915 SC1020","Generic Steel, ASTM A915 SC1020",Grade SC1020 (A915),6.3,Steel,"Steel, ASTM A915 SC1020",GP 240 GH,1.0416,ZG200-400,200-400 W,0.637,false,true,false,Unspecified,"7,880",500,"1,613","1,462",400,"272,000.00",483.00,52.00,1,1.00,5.00,1.00,1.00,200.00 Brinell,N/A - not visible in screenshot,N/A - not visible in screenshot,N/A - not visible in screenshot,Cost per KG,0.64,1.00
Zinc - Zamak,Generic Zinc - Zamak,Grade ZA-2 (B86),30.22,Zinc,Zinc - Zamak,1743-2 Z430,CEN EN 12844(98) ZP2,ZX04,ADAC-3,3.747,true,false,true,Hot,"6,600",300,454,419,175,"113,000.00",419.00,109.00,21,"500,000.00",3.00,1.00,0.40,90.00 Brinell,N/A - not visible in screenshot,N/A - not visible in screenshot,N/A - not visible in screenshot,Cost per KG,3.75,0.22
Zinc - Zamak 5,Generic Zinc - Zamak 5,Grade ZA-5 (B86),30.22,Zinc,Zinc - Zamak 5,1743-2 Z410,CEN EN 12844(98) ZP5,ZX03,ZDC-1,3.558,true,false,true,Hot,"6,600",300,454,420,175,"113,000.00",420.00,109.00,21,"500,000.00",3.00,1.00,0.40,90.00 Brinell,N/A - not visible in screenshot,N/A - not visible in screenshot,N/A - not visible in screenshot,Cost per KG,3.56,0.22
Zinc-Aluminum ZA12,Generic Zinc-Aluminum ZA12,Grade ZA-12 (B86),30.12,Zinc-Aluminum,Zinc-Aluminum ZA12,1743-2 Z110,CEN EN 12844(98) ZP12,ZX08,(ZP12),3.716,true,false,true,Hot,"6,030",200,430,385,175,"118,000.00",450.00,116.00,35,"500,000.00",3.00,1.00,0.42,100.00 Brinell,N/A - not visible in screenshot,N/A - not visible in screenshot,N/A - not visible in screenshot,Cost per KG,3.72,0.22
Zinc-Aluminum ZA27,Generic Zinc-Aluminum ZA27,Grade ZA-27 (B791),30.12,Zinc-Aluminum,Zinc-Aluminum ZA27,1743-2 Z2720,CEN EN 12844(98) ZP27,ZX10,(ZP27),4.226,true,false,true,Cold,"5,000",200,430,385,215,"128,000.00",525.00,125.00,35,"500,000.00",4.75,1.00,0.42,110.00 Brinell,N/A - not visible in screenshot,N/A - not visible in screenshot,N/A - not visible in screenshot,Cost per KG,4.23,0.24
Zinc-Aluminum ZA8,Generic Zinc-Aluminum ZA8,Grade ZA-8 (B791),30.12,Zinc-Aluminum,Zinc-Aluminum ZA8,1743-2 Z810,CEN EN 12844(98) ZP8,ZX06,(ZP8),3.678,true,false,true,Hot,"6,300",200,430,385,215,"112,000.00",435.00,115.00,35,"500,000.00",4.75,1.00,0.42,100.00 Brinell,N/A - not visible in screenshot,N/A - not visible in screenshot,N/A - not visible in screenshot,Cost per KG,3.72,0.22
