Name,Source Name,Description,Cut Code,Material Type,USA Name,European Name,Unit Cost (USD / kg),Cost Units,Base Cost Per Unit (USD),Scrap Cost Percent (%),Normal Forming Temp (°C),Set Temp (°C),Mold Temp (°C),Specific Heat (J / g * °C),Thermal Conductivity (Watts / m * °C),Emissivity,Density (kg / m^3),Heat Time Per Unit Thickness (s / mm),Morphology,Data Source
"ABS, Extrusion Sheet GP","Generic ABS, Extrusion Sheet GP",,,ABS -Extrusion Sheet GP,"ABS, Extrusion Sheet GP","ABS, Extrusion Sheet GP",3.544,Cost per KG,3.544,5.00,146.00,85.00,70.00,1.800,0.127,0.965,1040,40.00,AMORPHOUS,aPriori Baseline
"ABS, Flame Ret","Generic ABS, Flame Ret",,51.31,ABS,"ABS, Flame Ret","ABS, Flame Ret",4.977,Cost per KG,4.977,5.00,146.00,85.00,54.00,2.050,0.183,0.965,1292,40.00,AMORPHOUS,aPriori Baseline
"ABS, PC-ABS","Generic ABS, PC-ABS",,51.31,ABS,"ABS, PC-ABS","ABS, PC-ABS",4.738,Cost per KG,4.738,5.00,146.00,85.00,70.00,1.800,0.131,0.965,1070,40.00,AMORPHOUS,aPriori Baseline
"Polyethylene, HDPE Extrusion Sheet","Generic Polyethylene, HDPE Extrusion Sheet",,,HDPE - Extrusion Sheet,"Polyethylene, HDPE Extrusion Sheet",HDPE Extrusion Sheet,1.367,Cost per KG,1.367,6.00,146.00,82.00,65.00,1.500,0.485,0.960,960,50.00,CRYSTALLINE,aPriori Baseline
"PET, CPET","Generic PET, CPET",,1.5,PET,"PET, CPET","PET, CPET",2.336,Cost per KG,2.336,5.00,148.00,76.00,50.00,2.050,0.210,0.960,1400,30.00,CRYSTALLINE,aPriori Baseline
Polystyrene HIPS Extrusion,Generic Polystyrene HIPS Extrusion,,,PS - High Impact Extrusion,Polystyrene HIPS Extrusion,HIPS Extrusion,2.111,Cost per KG,2.111,6.00,149.00,85.00,40.00,2.280,0.160,0.950,1050,30.00,AMORPHOUS,aPriori Baseline
Polypropylene Random Copol,Generic Polypropylene Random Copol,,51.31,Polypropylene,Polypropylene Random Copol,PP Copolymer,3.371,Cost per KG,3.371,6.00,154.00,88.00,60.00,1.700,0.130,0.965,910,50.00,CRYSTALLINE,aPriori Baseline
"Polypropylene, Extrusion Sheet","Generic Polypropylene, Extrusion Sheet",,1.4,PP - Extrusion Sheet,"Polypropylene, Extrusion Sheet","PP, Extrusion Sheet",2.900,Cost per KG,2.900,6.00,154.00,88.00,60.00,1.700,0.130,0.965,910,50.00,CRYSTALLINE,aPriori Baseline
"Polystyrene, G-P Crystal","Generic Polystyrene, G-P Crystal",,6.1,PS - Crystal Injection GP,"Polystyrene, G-P Crystal","PS, G-P Crystal",2.692,Cost per KG,2.692,11.00,154.00,88.00,38.00,1.850,0.100,0.950,1028,30.00,AMORPHOUS,aPriori Baseline
"Polypropylene, Impact Copolymer TPO","Generic Polypropylene, Impact Copolymer TPO",,1.4,Impact Copolymer TPO,"Polypropylene, Impact Copolymer TPO","TPO, Extrusion Sheet",4.833,Cost per KG,4.833,5.00,176.00,90.00,39.00,1.700,0.200,0.895,1000,50.00,CRYSTALLINE,aPriori Baseline
"Acrylic, PMMA","Generic Acrylic, PMMA",,1.5,Acrylic,"Acrylic, PMMA",PMMA,5.375,Cost per KG,5.375,8.00,177.00,85.00,68.00,2.440,0.181,0.960,1190,30.00,AMORPHOUS,aPriori Baseline
"Acrylic PVC, PMMA PVC","Generic Acrylic PVC, PMMA PVC",,51.21,Acrylic,"Acrylic PVC, PMMA PVC",PMMA PVC,10.449,Cost per KG,10.449,8.00,188.00,79.00,63.00,1.615,0.181,0.960,1350,40.00,AMORPHOUS,aPriori Baseline
"Polycarbonate, Extrusion Sheet","Generic Polycarbonate, Extrusion Sheet",,1.5,Polycarbonate,"Polycarbonate, Extrusion Sheet","PC, Extrusion Sheet",2.547,Cost per KG,2.547,6.00,191.00,138.00,127.00,2.100,0.214,0.975,1200,60.00,AMORPHOUS,aPriori Baseline
