Name,Description,Process Type,Labor Rate (USD / hr),Direct Overhead Rate (USD / hr),Indirect Overhead Rate (USD / hr),Overhead Multiplier,Labor Time Standard,Number of Operators,Wage Grade Name,Work Center Labor Rate Factor,Setup Time (hr),Pre Stretch Cycle Time (s),Ram Stroke Speed (mm / s),Jaw Length (mm),Max Jaw Distance (mm),Longitudinal Pull Capability,Transverse Pull Capability,Press Force (kN),Bulldozer Press Capability,Is Preferred,Avg Utilization,Good Part Yield,Machine Price (USD),Machine Power (kW),Machine Length (mm),Machine Width (mm),Footprint Allowance Factor,Machine Life (yr),Installation Factor (%),Annual Maintenance Factor (%),Machine Uptime (%),Salvage Value Factor (%),Supplies Cost (USD / yr),Machine Manufacturer Location
Erco - 100 Ton,T - 100T - 1.2m x 3.7m,Simple,30.49,9.04,19.73,0.00,1.00,3.00,,1.00,1.50,0.00,5.00,"1,219.00","3,657.60",false,true,980.67,false,false,0.80,1.00,"100,000.00",20.00,"13,657.60","2,438.40",2.00,10.00,20.00,5.00,80.00,0.00,0.00,USA
Stretch Form Press - 100T Press Force - 1.2m Jaw Width,Simple Transverse 1.2m x 3.7m,Simple,30.49,9.04,19.73,0.00,1.00,2.00,,1.00,1.50,0.00,5.00,"1,219.00","3,657.60",false,true,980.67,false,true,0.80,1.00,"100,000.00",20.00,"13,657.60","2,438.40",2.00,10.00,20.00,5.00,80.00,0.00,0.00,Virtual
MFBA1000,T - 250T - 2.2m x 8m,Tangential,30.49,31.69,27.51,0.00,1.00,2.00,,1.00,1.50,5.00,5.00,"2,200.00","8,000.00",false,true,"2,451.66",false,false,0.80,1.00,"400,000.00",50.00,"18,000.00","4,400.00",2.00,10.00,20.00,5.00,80.00,0.00,0.00,USA
Stretch Form Press - 160T Press Force - 2.2m Jaw Width,Tangential Transverse 2.2m x 2.5m,Tangential,30.49,14.46,23.41,0.00,1.00,2.00,,1.00,1.50,5.00,5.00,"2,200.00","2,500.00",false,true,"1,569.06",false,true,0.80,1.00,"160,000.00",32.00,"12,500.00","4,400.00",2.00,10.00,20.00,5.00,80.00,0.00,0.00,Virtual
Sheridan - L 700,L - 700T - 2.3m x 12.2m,Tangential,30.49,42.38,31.71,0.00,1.00,2.00,,1.00,1.50,5.00,5.00,"2,342.40","12,192.00",true,false,"6,864.66",false,false,0.80,1.00,"360,000.00",138.00,"22,192.00","4,684.80",2.00,10.00,20.00,5.00,80.00,0.00,0.00,USA
Stretch Form Press - 700T Press Force - 2.3m Jaw Width,Tangential Longitudinal 2.3m x 9.1m,Tangential,30.49,42.38,29.29,0.00,1.00,2.00,,1.00,1.50,5.00,5.00,"2,342.40","9,144.00",true,false,"6,864.66",false,true,0.80,1.00,"360,000.00",138.00,"19,144.00","4,684.80",2.00,10.00,20.00,5.00,80.00,0.00,0.00,Virtual
Fritz Muller - ZSE 160,T - 160T - 2.4m x 2.5m,Tangential,30.49,14.46,24.26,0.00,1.00,2.00,,1.00,1.50,5.00,5.00,"2,400.00","2,500.00",false,true,"1,569.06",false,false,0.80,1.00,"160,000.00",32.00,"12,500.00","4,800.00",2.00,10.00,20.00,5.00,80.00,0.00,0.00,Germany
Sheridan - L 1500,L - 1200T - 2.4m x 10.9m -Bulldozer,Tangential,30.49,257.17,41.99,0.00,1.00,2.00,,1.00,1.50,5.00,5.00,"2,438.40","10,972.80",true,false,"11,800.00",true,false,0.80,1.00,"3,663,000.00",236.00,"22,496.80","7,315.20",2.00,10.00,20.00,5.00,80.00,0.00,0.00,USA
Sheridan - L 1000,L - 1000T - 2.5m x 12.2m,Tangential,30.49,88.95,33.20,0.00,1.00,3.00,,1.00,1.50,5.00,5.00,"2,540.00","12,192.00",true,false,"9,806.65",false,false,0.80,1.00,"1,000,000.00",197.00,"22,192.00","5,000.00",2.00,10.00,20.00,5.00,80.00,0.00,0.00,USA
Stretch Form Press - 265T Press Force - 2.9m Jaw Width,Simple Transverse 2.9m x 3.7m,Simple,30.49,21.76,27.49,0.00,1.00,2.00,,1.00,1.50,0.00,5.00,"2,895.00","3,657.60",false,true,"2,598.76",false,true,0.80,1.00,"230,000.00",52.50,"13,657.60","5,791.10",2.00,10.00,20.00,5.00,80.00,0.00,0.00,Virtual
Erco - 200 Ton,T - 200T - 3m x 3.7m,Simple,30.49,18.08,28.20,0.00,1.00,2.00,,1.00,1.50,0.00,5.00,"3,048.00","3,657.60",false,true,"1,961.33",false,false,0.80,1.00,"200,000.00",40.00,"13,657.60","6,096.00",2.00,10.00,20.00,5.00,80.00,0.00,0.00,USA
Erco - 300 Ton,T - 300T - 3.0m x 3.7m,Simple,30.49,23.33,28.20,0.00,1.00,2.00,,1.00,1.50,0.00,5.00,"3,048.00","3,657.60",false,true,"2,942.00",false,false,0.80,1.00,"240,000.00",59.00,"13,657.60","6,096.00",2.00,10.00,20.00,5.00,80.00,0.00,0.00,USA
Stretch Form Press - 941T Press Force - 3.2m Jaw Width,Tangential Longitudinal 3.2m x 12.3m,Tangential,30.49,149.05,40.82,0.00,1.00,2.00,,1.00,1.50,5.00,5.00,"3,242.00","12,313.92",true,false,"9,224.66",false,true,0.80,1.00,"2,004,600.00",185.00,"22,618.72","6,972.00",2.00,10.00,20.00,5.00,80.00,0.00,0.00,Virtual
Sheridan - TC 1500,T - 1500T - 3.7m x 12.5m,Tangential,30.49,195.32,41.99,0.00,1.00,2.00,,1.00,1.50,5.00,5.00,"3,657.60","12,496.80",false,true,"14,700.00",false,false,0.80,1.00,"2,500,000.00",294.00,"22,496.80","7,315.20",2.00,10.00,20.00,5.00,80.00,0.00,0.00,USA
Stretch Form Press - 744T Press Force - 3.7m Jaw Width,Tangential Transverse 3.7m x 8.5m,Tangential,30.49,98.64,37.49,0.00,1.00,2.00,,1.00,1.50,5.00,5.00,"3,722.00","8,540.00",false,true,"7,297.52",false,true,0.80,1.00,"1,268,571.00",146.00,"18,540.00","7,445.00",2.00,10.00,20.00,5.00,80.00,0.00,0.00,Virtual
Sheridan - T 500,T - 500T - 3.9m x 4.6m,Tangential,30.49,34.14,33.41,0.00,1.00,2.00,,1.00,1.50,5.00,5.00,"3,911.60","4,572.00",false,true,"4,903.33",false,false,0.80,1.00,"320,000.00",99.00,"14,572.00","7,823.20",2.00,10.00,20.00,5.00,80.00,0.00,0.00,USA
Stretch Form Press - 460T Press Force - 4.3m Jaw Width,Simple Transverse 4.3m x 3.7m,Simple,30.49,36.59,33.85,0.00,1.00,3.00,,1.00,1.50,0.00,5.00,"4,267.00","3,657.60",false,true,"4,511.06",false,true,0.80,1.00,"380,000.00",91.00,"13,657.60","8,534.40",2.00,10.00,20.00,5.00,80.00,0.00,0.00,Virtual
Erco - 460 Ton,T - 460T - 4.3m x 3.7m,Simple,30.49,36.59,33.85,0.00,1.00,2.00,,1.00,1.50,0.00,5.00,"4,267.20","3,657.60",false,true,"4,511.06",false,false,0.80,1.00,"380,000.00",91.00,"13,657.60","8,534.40",2.00,10.00,20.00,5.00,80.00,0.00,0.00,USA
Cyril-Bath - VTL 1000,T/L - 1000T - 4.3m x 17.1m,Tangential,30.49,211.17,53.72,0.00,1.00,3.00,,1.00,1.50,5.00,5.00,"4,318.00","17,068.80",true,true,"9,806.65",false,false,0.80,1.00,"3,000,000.00",197.00,"27,068.80","8,636.00",2.00,10.00,20.00,5.00,80.00,0.00,0.00,USA
Cyril-Bath - VTL 800,T/L - 800T - 4.6m x 9.1m,Tangential,30.49,144.60,43.76,0.00,1.00,3.00,,1.00,1.50,5.00,5.00,"4,572.00","9,144.00",true,true,"7,845.32",false,false,0.80,1.00,"2,000,000.00",157.00,"19,144.00","9,144.00",2.00,10.00,20.00,5.00,80.00,0.00,0.00,USA
Stretch Form Press - 1203T Press Force - 4.6m Jaw Width,Tangential Longitudinal 4.6m x 17.1m,Tangential,30.49,257.17,56.05,0.00,1.00,3.00,,1.00,1.50,5.00,5.00,"4,572.00","17,068.80",true,false,"11,800.00",false,true,0.80,1.00,"3,663,000.00",236.00,"27,068.80","9,144.00",2.00,10.00,20.00,5.00,80.00,0.00,0.00,Virtual
Sheridan - TC 1000,T - 1000T - 5.0m x 6.0m,Tangential,30.49,59.65,41.21,0.00,1.00,3.00,,1.00,1.50,5.00,5.00,"5,000.00","6,000.00",false,true,"9,806.65",false,false,0.80,1.00,"500,000.00",197.00,"16,000.00","10,000.00",2.00,10.00,20.00,5.00,80.00,0.00,0.00,USA
Stretch Form Press - 1499T Press Force - 5m Jaw Width,Tangential Transverse 5m x 17.1m,Tangential,30.49,225.62,59.98,0.00,1.00,3.00,,1.00,1.50,5.00,5.00,"5,000.00","17,068.80",false,true,"14,700.00",false,true,0.80,1.00,"3,000,000.00",294.00,"27,068.80","10,000.00",2.00,10.00,20.00,5.00,80.00,0.00,0.00,Virtual
