Sector,Name,Description,Labor Rate (USD / hr),Direct Overhead Rate (USD / hr),Indirect Overhead Rate (USD / hr),Overhead Multiplier,Number of Operators,Labor Time Standard,Wage Grade Name,Work Center Labor Rate Factor,Setup Time (hr),Max Line Speed (mm / s),Coil Load Time (s),Max Coil Capacity (kg),Max Stock Width (mm),Avg Utilization,Good Part Yield,Has Coil Car,Has Double Mandrel,Is Powered,Is Preferred,Machine Price (USD),Machine Length (mm),Machine Width (mm),Footprint Allowance Factor,Machine Power (kW),Installation Factor (%),Machine Uptime (%),Annual Maintenance Factor (%),Machine Life (yr),Salvage Value Factor (%),Supplies Cost (USD / yr),Machine Manufacturer Location
World Average,Coe 4000 lbs Non-Powered,,36.97,1.15,14.34,0.00,1.00,1.00,,1.00,0.50,2032.00,600.00,1814.00,914.40,1.00,1.00,false,false,false,false,18975.00,1828.80,1651.00,1.00,0.00,20.00,80.00,5.00,10.00,0.00,0.00,USA
World Average,Coe 6000 lbs Non-Powered,,36.97,1.27,14.34,0.00,1.00,1.00,,1.00,0.50,2032.00,600.00,2722.00,914.40,1.00,1.00,false,false,false,false,20950.00,1828.80,1651.00,1.00,0.00,20.00,80.00,5.00,10.00,0.00,0.00,USA
World Average,Uncoiler 6000 lbs Non-Powered,,36.97,1.36,14.34,0.00,1.00,1.00,,1.00,0.50,2032.00,600.00,2722.00,914.40,1.00,1.00,false,false,false,true,22500.00,1828.80,1651.00,1.00,0.00,20.00,80.00,5.00,10.00,0.00,0.00,Virtual
World Average,Coe 4000 lbs Powered,,36.97,2.42,14.34,0.00,1.00,1.00,,1.00,0.50,406.40,600.00,1814.00,914.40,1.00,1.00,false,false,true,false,35000.00,1828.80,1651.00,1.00,2.00,20.00,80.00,5.00,10.00,0.00,0.00,USA
World Average,Coe 6000 lbs Powered,,36.97,3.03,14.34,0.00,1.00,1.00,,1.00,0.50,406.40,600.00,2722.00,914.40,1.00,1.00,false,false,true,false,45000.00,1828.80,1651.00,1.00,2.00,20.00,80.00,5.00,10.00,0.00,0.00,USA
World Average,Cooper Weymouth 2500 18DP Powered Double Mandrel,,36.97,3.33,14.31,0.00,1.00,1.00,,1.00,0.50,406.40,120.00,1134.00,457.20,1.00,1.00,false,true,true,false,50000.00,2438.40,1066.80,1.00,2.00,20.00,80.00,5.00,10.00,0.00,0.00,USA
World Average,Coe 8000 lbs Powered,,36.97,3.78,14.38,0.00,1.00,1.00,,1.00,0.50,406.40,900.00,3629.00,914.40,1.00,1.00,false,false,true,false,55000.00,1905.00,1828.80,1.00,3.00,20.00,80.00,5.00,10.00,0.00,0.00,USA
World Average,Uncoiler 8000 lbs Powered,,36.97,4.53,14.38,0.00,1.00,1.00,,1.00,0.50,1524.00,900.00,3629.00,914.40,1.00,1.00,false,false,true,true,55000.00,1905.00,1828.80,1.00,8.00,20.00,80.00,5.00,10.00,0.00,0.00,Virtual
World Average,Coe 4000 lbs Powered with Coil Car,,36.97,4.01,14.73,0.00,1.00,1.00,,1.00,0.50,406.40,300.00,1418.00,914.40,1.00,1.00,true,false,true,false,61250.00,4572.00,1651.00,1.00,2.00,20.00,80.00,5.00,10.00,0.00,0.00,USA
World Average,Coe 6000 lbs Powered with Coil Car,,36.97,5.07,14.73,0.00,1.00,1.00,,1.00,0.50,406.40,300.00,2722.00,914.40,1.00,1.00,true,false,true,false,78750.00,4572.00,1651.00,1.00,2.00,20.00,80.00,5.00,10.00,0.00,0.00,USA
World Average,Coe 10000 lbs Powered,,36.97,5.90,14.60,0.00,1.00,1.00,,1.00,0.50,406.40,900.00,4536.00,1524.00,1.00,1.00,false,false,true,false,85000.00,3352.80,1828.80,1.00,5.00,20.00,80.00,5.00,10.00,0.00,0.00,USA
World Average,Coe 8000 lbs Powered with Coil Car,,36.97,6.28,14.79,0.00,1.00,1.00,,1.00,0.50,406.40,300.00,3629.00,914.40,1.00,1.00,true,false,true,false,96250.00,4572.00,1651.00,1.00,3.00,20.00,80.00,5.00,10.00,0.00,0.00,USA
World Average,BK-6D Powered Double Mandrel,,36.97,7.25,14.56,0.00,1.00,1.00,,1.00,0.50,1524.00,120.00,2722.00,457.20,1.00,1.00,false,true,true,false,100000.00,3048.00,1828.80,1.00,8.00,20.00,80.00,5.00,10.00,0.00,0.00,USA
World Average,Coe 10000 lbs Powered with Coil Car,,36.97,9.76,15.38,0.00,1.00,1.00,,1.00,0.50,406.40,300.00,4536.00,1524.00,1.00,1.00,true,false,true,false,148750.00,8382.00,1651.00,1.00,5.00,20.00,80.00,5.00,10.00,0.00,0.00,USA
World Average,Uncoiler 10000 lbs Powered with Coil Car,,36.97,11.25,15.38,0.00,1.00,1.00,,1.00,0.50,1524.00,300.00,4536.00,1524.00,1.00,1.00,true,false,true,true,148750.00,8382.00,1828.80,1.00,15.00,20.00,80.00,5.00,10.00,0.00,0.00,Virtual
World Average,BK-10D Powered Double Mandrel,,36.97,11.33,14.95,0.00,1.00,1.00,,1.00,0.50,1524.00,120.00,4536.00,609.60,1.00,1.00,false,true,true,false,150000.00,5588.00,1828.80,1.00,15.00,20.00,80.00,5.00,10.00,0.00,0.00,USA
World Average,BK-20D Powered Double Mandrel,,36.97,19.62,15.10,0.00,1.00,1.00,,1.00,0.50,1524.00,120.00,9072.00,762.00,1.00,1.00,false,true,true,false,250000.00,6000.00,2000.00,1.00,30.00,20.00,80.00,5.00,10.00,0.00,0.00,USA
World Average,Uncoiler 20000 lbs Powered Double Mandrel,,36.97,19.62,15.10,0.00,1.00,1.00,,1.00,0.50,1524.00,120.00,9072.00,762.00,1.00,1.00,false,true,true,true,250000.00,6000.00,2000.00,1.00,30.00,20.00,80.00,5.00,10.00,0.00,0.00,Virtual
