Name,Source Name,Description,Cut Code,Material Type,USA Name,DIN Name,EN Name,GB Name,JIS Name,Hex Bar Unit Cost (USD / kg),Hex Bar Cost Units,Base Hex Bar Cost Per Unit (USD),Rectangular Bar Unit Cost (USD / kg),Rectangular Bar Cost Units,Base Rectangular Bar Cost Per Unit (USD),Round Bar Unit Cost (USD / kg),Round Bar Cost Units,Base Round Bar Cost Per Unit (USD),Round Tube Unit Cost (USD / kg),Round Tube Cost Units,Base Round Tube Cost Per Unit (USD),Square Bar Unit Cost (USD / kg),Square Bar Cost Units,Base Square Bar Cost Per Unit (USD),Scrap Cost Percent (%),Density (kg / m^3),Shear Strength (MPa),Hardness,Hardness System,Milling Speed (m / min),Turning Speed (m / min),Data Source,Base Cost Per Unit (USD)
"Steel, Hot Worked, AISI 1006","Generic Steel, Hot Worked, AISI 1006",,1.1,Steel,"Steel, Hot Worked, AISI 1006",DD13,1.0335,HR3,SPHD,1.664,Cost per KG,1.66,1.796,Cost per KG,1.80,1.473,Cost per KG,1.47,1.938,Cost per KG,1.94,1.716,Cost per KG,1.72,4.00,7850,221,125.00,Brinell,0.00,0.00,eMithran Baseline,
"Steel, Cold Worked, AISI 1005","Generic Steel, Cold Worked, AISI 1005",Grade 1005,1.2,Steel,"Steel, Cold Worked, AISI 1005","Steel, Cold Worked, AISI 1005","Steel, Cold Worked, AISI 1005","Steel, Cold Worked, AISI 1005","Steel, Cold Worked, AISI 1005",1.665,Cost per KG,1.66,1.797,Cost per KG,1.80,1.473,Cost per KG,1.47,1.938,Cost per KG,1.94,1.716,Cost per KG,1.72,4.00,7900,210,95.00,Brinell,0.00,0.00,eMithran Baseline,
"Steel, Hot Worked, AISI 1008","Generic Steel, Hot Worked, AISI 1008",,1.1,Steel,"Steel, Hot Worked, AISI 1008",DD11,1.0332,HR1,HR1,1.666,Cost per KG,1.67,1.798,Cost per KG,1.80,1.474,Cost per KG,1.47,1.940,Cost per KG,1.94,1.717,Cost per KG,1.72,4.00,7850,229,125.00,Brinell,0.00,0.00,eMithran Baseline,
"Steel, Hot Worked, AISI 1010","Generic Steel, Hot Worked, AISI 1010",,1.1,Steel,"Steel, Hot Worked, AISI 1010",Ck 10 HR,1.1121 HR,040A10,S10C HR,1.667,Cost per KG,1.67,1.800,Cost per KG,1.80,1.475,Cost per KG,1.48,1.941,Cost per KG,1.94,1.718,Cost per KG,1.72,4.00,7850,195,125.00,Brinell,0.00,0.00,eMithran Baseline,
"Steel, Hot Worked, ASTM A36","Generic Steel, Hot Worked, ASTM A36",,1.1,Steel,"Steel, Hot Worked, ASTM A36",17100,10210-1,25,S25C,1.669,Cost per KG,1.67,1.802,Cost per KG,1.80,1.477,Cost per KG,1.48,1.944,Cost per KG,1.94,1.721,Cost per KG,1.72,4.00,7850,330,125.00,Brinell,0.00,0.00,eMithran Baseline,
"Steel, Hot Worked, AISI 1042","Generic Steel, Hot Worked, AISI 1042",,1.2,Steel,"Steel, Hot Worked, AISI 1042",C 45,1.0503,45,SF 440 A,1.671,Cost per KG,1.67,1.804,Cost per KG,1.80,1.479,Cost per KG,1.48,1.946,Cost per KG,1.95,1.723,Cost per KG,1.72,4.00,7850,414,150.00,Brinell,0.00,0.00,eMithran Baseline,
"Steel, Hot Worked, AISI 1045","Generic Steel, Hot Worked, AISI 1045",,1.2,Steel,"Steel, Hot Worked, AISI 1045",C 45 E,1.1191,U20452,S 45 C,1.671,Cost per KG,1.67,1.804,Cost per KG,1.80,1.479,Cost per KG,1.48,1.946,Cost per KG,1.95,1.723,Cost per KG,1.72,4.00,7850,439,150.00,Brinell,0.00,0.00,eMithran Baseline,
"Steel, Hot Worked, AISI 1050","Generic Steel, Hot Worked, AISI 1050",Grade 1050,1.2,Steel,"Steel, Hot Worked, AISI 1050","Steel, Hot Worked, AISI 1050","Steel, Hot Worked, AISI 1050","Steel, Hot Worked, AISI 1050","Steel, Hot Worked, AISI 1050",1.673,Cost per KG,1.67,1.807,Cost per KG,1.81,1.481,Cost per KG,1.48,1.949,Cost per KG,1.95,1.725,Cost per KG,1.73,4.00,7800,430,200.00,Brinell,0.00,0.00,eMithran Baseline,
"Steel, Hot Worked, AISI 1018","Generic Steel, Hot Worked, AISI 1018",Grade 1018,1.2,Steel,"Steel, Hot Worked, AISI 1018","Steel, Hot Worked, AISI 1018","Steel, Hot Worked, AISI 1018","Steel, Hot Worked, AISI 1018","Steel, Hot Worked, AISI 1018",1.673,Cost per KG,1.67,1.807,Cost per KG,1.81,1.481,Cost per KG,1.48,1.949,Cost per KG,1.95,1.725,Cost per KG,1.73,4.00,7900,280,130.00,Brinell,0.00,0.00,eMithran Baseline,
"Steel, Hot Worked, AISI 1213","Generic Steel, Hot Worked, AISI 1213",,1.1,Steel,"Steel, Hot Worked, AISI 1213",11 SMn 30,1.0715,Y15,SUM 22,1.681,Cost per KG,1.68,1.815,Cost per KG,1.82,1.488,Cost per KG,1.49,1.958,Cost per KG,1.96,1.734,Cost per KG,1.73,4.00,7870,324,125.00,Brinell,0.00,0.00,eMithran Baseline,
"Steel, Hot Worked, AISI 1012","Generic Steel, Hot Worked, AISI 1012",,1.1,Steel,"Steel, Hot Worked, AISI 1012",S245G HR,1.0144 HR,,S12C HR,1.683,Cost per KG,1.68,1.817,Cost per KG,1.82,1.490,Cost per KG,1.49,1.961,Cost per KG,1.96,1.736,Cost per KG,1.74,4.00,7850,198,125.00,Brinell,0.00,0.00,eMithran Baseline,
"Steel, Hot Worked, ASTM A572 Grade 50","Generic Steel, Hot Worked, ASTM A572 Grade 50",Grade 50,1.2,Steel,"Steel, Hot Worked, ASTM A572 Grade 50","Steel, Hot Worked, ASTM A572 Grade 50","Steel, Hot Worked, ASTM A572 Grade 50","Steel, Hot Worked, ASTM A572 Grade 50","Steel, Hot Worked, ASTM A572 Grade 50",1.685,Cost per KG,1.68,1.819,Cost per KG,1.82,1.491,Cost per KG,1.49,1.962,Cost per KG,1.96,1.737,Cost per KG,1.74,4.00,7800,320,150.00,Brinell,0.00,0.00,eMithran Baseline,
"Steel, Hot Worked, AISI 1513","Generic Steel, Hot Worked, AISI 1513",,1.1,Steel,"Steel, Hot Worked, AISI 1513",E235,1.0308,09Mn2VDR,STKM13A,1.685,Cost per KG,1.68,1.819,Cost per KG,1.82,1.491,Cost per KG,1.49,1.962,Cost per KG,1.96,1.737,Cost per KG,1.74,4.00,7850,695,125.00,Brinell,0.00,0.00,eMithran Baseline,
"Steel, Hot Worked, AISI 12L13","Generic Steel, Hot Worked, AISI 12L13",,1.1,Steel,"Steel, Hot Worked, AISI 12L13",11 SMnPb 30,1.0718,Y15Pb,SUM 22 L,1.689,Cost per KG,1.69,1.823,Cost per KG,1.82,1.494,Cost per KG,1.49,1.967,Cost per KG,1.97,1.741,Cost per KG,1.74,4.00,7870,233,125.00,Brinell,0.00,0.00,eMithran Baseline,
"Steel, Cold Worked, DC06","Generic Steel, Cold Worked, DC06",Grade DC06,1.2,Steel,"Steel, Cold Worked, DC06",EN 10130,EN 1.0873,"Steel, Cold Worked, DC06","Steel, Cold Worked, DC06",1.690,Cost per KG,1.69,1.824,Cost per KG,1.82,1.495,Cost per KG,1.50,1.968,Cost per KG,1.97,1.742,Cost per KG,1.74,4.00,7900,144,125.00,Brinell,0.00,0.00,eMithran Baseline,
"Steel, SAE 1580","Generic Steel, SAE 1580",,1.1,Steel,"Steel, SAE 1580",DH,DH,DH,,1.697,Cost per KG,1.70,1.832,Cost per KG,1.83,1.501,Cost per KG,1.50,1.976,Cost per KG,1.98,1.749,Cost per KG,1.75,4.00,7850,345,125.00,Brinell,0.00,0.00,eMithran Baseline,
"Steel, Hot Worked, AISI 5115","Generic Steel, Hot Worked, AISI 5115",,2.1,Steel,"Steel, Hot Worked, AISI 5115",16 MnCr 5,1.7131,16CrMnH,SMn 21 H,1.733,Cost per KG,1.73,1.871,Cost per KG,1.87,1.534,Cost per KG,1.53,2.018,Cost per KG,2.02,1.787,Cost per KG,1.79,4.00,7850,439,180.00,Brinell,0.00,0.00,eMithran Baseline,
"Steel, Cold Worked, AISI 5210","Generic Steel, Cold Worked, AISI 5210",Grade 5210,1.2,Steel,"Steel, Cold Worked, AISI 5210","Steel, Cold Worked, AISI 5210","Steel, Cold Worked, AISI 5210","Steel, Cold Worked, AISI 5210","Steel, Cold Worked, AISI 5210",1.742,Cost per KG,1.74,1.881,Cost per KG,1.88,1.542,Cost per KG,1.54,2.029,Cost per KG,2.03,1.796,Cost per KG,1.80,4.00,7800,371,207.00,Brinell,0.00,0.00,eMithran Baseline,
"Steel, Hot Worked, AISI 1020","Generic Steel, Hot Worked, AISI 1020",,1.1,Steel,"Steel, Hot Worked, AISI 1020",C22 HR,1.0402 HR,050A20,S20C HR,1.766,Cost per KG,1.77,1.906,Cost per KG,1.91,1.563,Cost per KG,1.56,2.056,Cost per KG,2.06,1.820,Cost per KG,1.82,4.00,7850,228,125.00,Brinell,0.00,0.00,eMithran Baseline,
"Steel, Hot Worked, Grade S235JR","Generic Steel, Hot Worked, Grade S235JR",Grade S235JR,1.2,Steel,"Steel, Hot Worked, Grade S235JR","Steel, Hot Worked, Grade S235JR",EN 1.0038,"Steel, Hot Worked, Grade S235JR","Steel, Hot Worked, Grade S235JR",1.784,Cost per KG,1.78,1.926,Cost per KG,1.93,1.578,Cost per KG,1.58,2.077,Cost per KG,2.08,1.839,Cost per KG,1.84,4.00,7800,305,115.00,Brinell,0.00,0.00,eMithran Baseline,
"Steel, Hot Worked, AISI 6150","Generic Steel, Hot Worked, AISI 6150",,2.1,Steel,"Steel, Hot Worked, AISI 6150",51 CrV 4,1.8159,50CrVA,51CrV4,1.792,Cost per KG,1.79,1.935,Cost per KG,1.94,1.586,Cost per KG,1.59,2.087,Cost per KG,2.09,1.848,Cost per KG,1.85,4.00,7850,672,180.00,Brinell,0.00,0.00,eMithran Baseline,
"Steel, Hot Worked, S900MC","Generic Steel, Hot Worked, S900MC",Grade S900MC,1.2,Steel,"Steel, Hot Worked, S900MC","Steel, Hot Worked, S900MC","Steel, Hot Worked, S900MC","Steel, Hot Worked, S900MC","Steel, Hot Worked, S900MC",1.805,Cost per KG,1.80,1.948,Cost per KG,1.95,1.597,Cost per KG,1.60,2.102,Cost per KG,2.10,1.861,Cost per KG,1.86,4.00,7800,684,310.00,Brinell,0.00,0.00,eMithran Baseline,
"Steel, Hot Worked, AISI 1095","Generic Steel, Hot Worked, AISI 1095",,1.4,Steel,"Steel, Hot Worked, AISI 1095",C 100 S,1.1274,T10A,SK 4-CSP,1.858,Cost per KG,1.86,2.006,Cost per KG,2.01,1.645,Cost per KG,1.64,2.164,Cost per KG,2.16,1.916,Cost per KG,1.92,4.00,7850,620,210.00,Brinell,0.00,0.00,eMithran Baseline,
"Steel, Hot Worked, AISI 1049","Generic Steel, Hot Worked, AISI 1049",,1.2,Steel,"Steel, Hot Worked, AISI 1049",C 45 R,1.1201,45 AH,S 50 C,1.863,Cost per KG,1.86,2.011,Cost per KG,2.01,1.649,Cost per KG,1.65,2.170,Cost per KG,2.17,1.921,Cost per KG,1.92,4.00,7850,450,150.00,Brinell,0.00,0.00,eMithran Baseline,
"Steel, Hot Worked, AISI 1075","Generic Steel, Hot Worked, AISI 1075",,1.4,Steel,"Steel, Hot Worked, AISI 1075",C 75 S,1.1248,75,S 75 CM,1.865,Cost per KG,1.87,2.014,Cost per KG,2.01,1.651,Cost per KG,1.65,2.172,Cost per KG,2.17,1.923,Cost per KG,1.92,4.00,7850,620,210.00,Brinell,0.00,0.00,eMithran Baseline,
"Galv. Steel, Hot Worked, AISI 1010","Generic Galv. Steel, Hot Worked, AISI 1010",,1.1,Galvanized Steel,"Galv. Steel, Hot Worked, AISI 1010",59231 HR,10025/2-2004 HR,"Galv. Steel, 040A10","Galv. Steel, S10C",1.883,Cost per KG,1.88,2.034,Cost per KG,2.03,1.667,Cost per KG,1.67,2.193,Cost per KG,2.19,1.942,Cost per KG,1.94,4.00,7850,194,125.00,Brinell,0.00,0.00,eMithran Baseline,
"Galv. Steel, Hot Worked, AISI 1012","Generic Galv. Steel, Hot Worked, AISI 1012",,1.1,Galvanized Steel,"Galv. Steel, Hot Worked, AISI 1012",10142 HR,10277-2 HR,,,1.883,Cost per KG,1.88,2.034,Cost per KG,2.03,1.667,Cost per KG,1.67,2.193,Cost per KG,2.19,1.942,Cost per KG,1.94,4.00,7850,204,125.00,Brinell,0.00,0.00,eMithran Baseline,
"Steel, Cold Worked, AISI 1008","Generic Steel, Cold Worked, AISI 1008",,1.1,Steel,"Steel, Cold Worked, AISI 1008",DC04,1.0338,DC04,SPCD,1.899,Cost per KG,1.90,2.050,Cost per KG,2.05,1.680,Cost per KG,1.68,2.211,Cost per KG,2.21,1.958,Cost per KG,1.96,4.00,7850,229,125.00,Brinell,0.00,0.00,eMithran Baseline,
"Steel, Cold Worked, AISI 1010","Generic Steel, Cold Worked, AISI 1010",,1.1,Steel,"Steel, Cold Worked, AISI 1010",DC01 CR,1.0330 CR,10 CR,S10C CR,1.900,Cost per KG,1.90,2.051,Cost per KG,2.05,1.681,Cost per KG,1.68,2.213,Cost per KG,2.21,1.959,Cost per KG,1.96,4.00,7850,219,125.00,Brinell,0.00,0.00,eMithran Baseline,
"Steel, Cold Worked, AISI 1012","Generic Steel, Cold Worked, AISI 1012",,1.1,Steel,"Steel, Cold Worked, AISI 1012",S245G CR,1.0144 CR,Q215 CR,S12C CR,1.900,Cost per KG,1.90,2.051,Cost per KG,2.05,1.681,Cost per KG,1.68,2.213,Cost per KG,2.21,1.959,Cost per KG,1.96,4.00,7850,222,125.00,Brinell,0.00,0.00,eMithran Baseline,
"Steel, Cold Worked, AISI 1050","Generic Steel, Cold Worked, AISI 1050",Grade 1050,1.2,Steel,"Steel, Cold Worked, AISI 1050","Steel, Cold Worked, AISI 1050","Steel, Cold Worked, AISI 1050","Steel, Cold Worked, AISI 1050","Steel, Cold Worked, AISI 1050",1.908,Cost per KG,1.91,2.060,Cost per KG,2.06,1.688,Cost per KG,1.69,2.222,Cost per KG,2.22,1.967,Cost per KG,1.97,4.00,7800,470,220.00,Brinell,0.00,0.00,eMithran Baseline,
"Steel, Cold Worked, AISI 1018","Generic Steel, Cold Worked, AISI 1018",Grade 1018,1.2,Steel,"Steel, Cold Worked, AISI 1018","Steel, Cold Worked, AISI 1018","Steel, Cold Worked, AISI 1018","Steel, Cold Worked, AISI 1018","Steel, Cold Worked, AISI 1018",1.908,Cost per KG,1.91,2.060,Cost per KG,2.06,1.688,Cost per KG,1.69,2.222,Cost per KG,2.22,1.967,Cost per KG,1.97,4.00,7900,300,140.00,Brinell,0.00,0.00,eMithran Baseline,
"Steel, Cold Worked, AISI 4130","Generic Steel, Cold Worked, AISI 4130",Grade 4130,1.2,Steel,"Steel, Cold Worked, AISI 4130","Steel, Cold Worked, AISI 4130","Steel, Cold Worked, AISI 4130","Steel, Cold Worked, AISI 4130","Steel, Cold Worked, AISI 4130",1.914,Cost per KG,1.91,2.067,Cost per KG,2.07,1.694,Cost per KG,1.69,2.229,Cost per KG,2.23,1.974,Cost per KG,1.97,4.00,7800,420,210.00,Brinell,0.00,0.00,eMithran Baseline,
"Galv. Steel, Hot Worked, DX54","Generic Galv. Steel, Hot Worked, DX54",,1.1,Galvanized Steel,"Galv. Steel, Hot Worked, DX54","Galv. Steel, Hot Worked, DX54","Galv. Steel, Hot Worked, DX54","Galv. Steel, Hot Worked, DX54","Galv. Steel, Hot Worked, DX54",1.918,Cost per KG,1.92,2.071,Cost per KG,2.07,1.698,Cost per KG,1.70,2.234,Cost per KG,2.23,1.978,Cost per KG,1.98,4.00,7800,183,125.00,Brinell,0.00,0.00,eMithran Baseline,
"Steel, Hot Worked, AISI 4140","Generic Steel, Hot Worked, AISI 4140",,2.1,Steel,"Steel, Hot Worked, AISI 4140",42 CrMo 4,1.7225,40CrMnMo,SCM440,1.950,Cost per KG,1.95,2.105,Cost per KG,2.11,1.726,Cost per KG,1.73,2.271,Cost per KG,2.27,2.010,Cost per KG,2.01,4.00,7850,491,180.00,Brinell,0.00,0.00,eMithran Baseline,
"Steel, Hot Worked, AISI 4140H","Generic Steel, Hot Worked, AISI 4140H",,2.1,Steel,"Steel, Hot Worked, AISI 4140H",42 CrMoS 4,1.7227,42CrMoA,SCM 440 H,1.950,Cost per KG,1.95,2.105,Cost per KG,2.11,1.726,Cost per KG,1.73,2.271,Cost per KG,2.27,2.010,Cost per KG,2.01,4.00,7850,542,180.00,Brinell,0.00,0.00,eMithran Baseline,
"Galv. Steel, Hot Worked, AISI 1020","Generic Galv. Steel, Hot Worked, AISI 1020",,1.1,Galvanized Steel,"Galv. Steel, Hot Worked, AISI 1020",1626 HR,10210 HR,"Galv. Steel, 050A20","Galv. Steel, S20C",1.995,Cost per KG,2.00,2.154,Cost per KG,2.15,1.766,Cost per KG,1.77,2.324,Cost per KG,2.32,2.057,Cost per KG,2.06,4.00,7850,228,125.00,Brinell,0.00,0.00,eMithran Baseline,
"Steel, Cold Worked, AISI 8620","Generic Steel, Cold Worked, AISI 8620",Grade 8620,1.2,Steel,"Steel, Cold Worked, AISI 8620","Steel, Cold Worked, AISI 8620","Steel, Cold Worked, AISI 8620","Steel, Cold Worked, AISI 8620","Steel, Cold Worked, AISI 8620",1.996,Cost per KG,2.00,2.155,Cost per KG,2.16,1.767,Cost per KG,1.77,2.325,Cost per KG,2.33,2.058,Cost per KG,2.06,4.00,7800,420,210.00,Brinell,0.00,0.00,eMithran Baseline,
"Steel, Cold Worked, AISI 1020","Generic Steel, Cold Worked, AISI 1020",,1.1,Steel,"Steel, Cold Worked, AISI 1020",C22 CR,1.0402 CR,20 CR,S20C CR,2.013,Cost per KG,2.01,2.173,Cost per KG,2.17,1.781,Cost per KG,1.78,2.344,Cost per KG,2.34,2.075,Cost per KG,2.08,4.00,7850,252,125.00,Brinell,0.00,0.00,eMithran Baseline,
"Galv. Steel, Hot Worked, DX51D","Generic Galv. Steel, Hot Worked, DX51D",,1.1,Galvanized Steel,"Galv. Steel, Hot Worked, DX51D","Galv. Steel, Hot Worked, DX51D","Galv. Steel, Hot Worked, DX51D","Galv. Steel, Hot Worked, DX51D","Galv. Steel, Hot Worked, DX51D",2.075,Cost per KG,2.07,2.240,Cost per KG,2.24,1.836,Cost per KG,1.84,2.416,Cost per KG,2.42,2.139,Cost per KG,2.14,4.00,7800,216,125.00,Brinell,0.00,0.00,eMithran Baseline,
"Steel, Cold Worked, AISI 4340","Generic Steel, Cold Worked, AISI 4340",,2.2,Steel,"Steel, Cold Worked, AISI 4340",34CrNiMo6,1.6582,40CrNiMoA,SNCM 447,2.290,Cost per KG,2.29,2.472,Cost per KG,2.47,2.026,Cost per KG,2.03,2.667,Cost per KG,2.67,2.361,Cost per KG,2.36,4.00,7850,202,330.00,Brinell,0.00,0.00,eMithran Baseline,
"Stainless Steel, AISI 410","Generic Stainless Steel, AISI 410",,5.11,Stainless Steel,"Stainless Steel, AISI 410",X10Cr13,1.4006,12Cr13,SUS410,2.333,Cost per KG,2.33,2.519,Cost per KG,2.52,2.065,Cost per KG,2.06,2.717,Cost per KG,2.72,2.405,Cost per KG,2.41,11.00,7740,335,200.00,Brinell,0.00,0.00,eMithran Baseline,
"Stainless Steel, AISI 430","Generic Stainless Steel, AISI 430",,5.11,Stainless Steel,"Stainless Steel, AISI 430",X6Cr17,1.4016,10Cr17,SUS430,2.587,Cost per KG,2.59,2.793,Cost per KG,2.79,2.289,Cost per KG,2.29,3.013,Cost per KG,3.01,2.667,Cost per KG,2.67,11.00,7740,335,200.00,Brinell,0.00,0.00,eMithran Baseline,
"Stainless Steel, A240","Generic Stainless Steel, A240",Grade A240,5.21,Stainless Steel,"Stainless Steel, A240","Stainless Steel, A240","Stainless Steel, A240","Stainless Steel, A240","Stainless Steel, A240",2.672,Cost per KG,2.67,2.885,Cost per KG,2.88,2.365,Cost per KG,2.36,3.112,Cost per KG,3.11,2.755,Cost per KG,2.75,11.00,7800,310,200.00,Brinell,0.00,0.00,eMithran Baseline,
"Stainless Steel, AISI 441","Generic Stainless Steel, AISI 441",Grade 441,5.21,Stainless Steel,"Stainless Steel, AISI 441",EN 1.4509,"Stainless Steel, AISI 441","Stainless Steel, AISI 441","Stainless Steel, AISI 441",3.025,Cost per KG,3.02,3.265,Cost per KG,3.27,2.677,Cost per KG,2.68,3.522,Cost per KG,3.52,3.118,Cost per KG,3.12,11.00,7700,330,200.00,Brinell,0.00,0.00,eMithran Baseline,
"Stainless Steel, 440B","Generic Stainless Steel, 440B",,5.52,Stainless Steel,"Stainless Steel, 440B",X90CrMoV18,1.4112,90Cr18MoV,X90CrMoV18-1,3.749,Cost per KG,3.75,4.048,Cost per KG,4.05,3.318,Cost per KG,3.32,4.366,Cost per KG,4.37,3.865,Cost per KG,3.87,11.00,8073,801,260.00,Brinell,0.00,0.00,eMithran Baseline,
"Stainless Steel, 15-5PH","Generic Stainless Steel, 15-5PH",,5.12,Stainless Steel,"Stainless Steel, 15-5PH",X4CrNiCuNb164,1.4540,UNS S15500,UNS S15500,3.865,Cost per KG,3.86,4.172,Cost per KG,4.17,3.420,Cost per KG,3.42,4.501,Cost per KG,4.50,3.984,Cost per KG,3.98,11.00,8073,303,330.00,Brinell,0.00,0.00,eMithran Baseline,
"Stainless Steel, AISI 303","Generic Stainless Steel, AISI 303",,5.2,Stainless Steel,"Stainless Steel, AISI 303",X8CrNiS18-9,1.4305,S30317,SUS303,4.289,Cost per KG,4.29,4.631,Cost per KG,4.63,3.796,Cost per KG,3.80,4.995,Cost per KG,5.00,4.422,Cost per KG,4.42,11.00,8073,387,175.00,Brinell,0.00,0.00,eMithran Baseline,
"Stainless Steel, AISI 304","Generic Stainless Steel, AISI 304",,5.21,Stainless Steel,"Stainless Steel, AISI 304",X5CrNi18-10,1.4301,S30408,SUS304,4.348,Cost per KG,4.35,4.694,Cost per KG,4.69,3.848,Cost per KG,3.85,5.063,Cost per KG,5.06,4.482,Cost per KG,4.48,11.00,8073,303,200.00,Brinell,0.00,0.00,eMithran Baseline,
"Stainless Steel, AISI 304L","Generic Stainless Steel, AISI 304L",Grade 304L,5.21,Stainless Steel,"Stainless Steel, AISI 304L","Stainless Steel, AISI 304L",EN 1.4307,"Stainless Steel, AISI 304L","Stainless Steel, AISI 304L",4.523,Cost per KG,4.52,4.884,Cost per KG,4.88,4.003,Cost per KG,4.00,5.268,Cost per KG,5.27,4.663,Cost per KG,4.66,11.00,7800,525,255.00,Brinell,0.00,0.00,eMithran Baseline,
Acetal,Generic Acetal,,51.21,Thermoplastic,Acetal,POM,POM,POM,POM,4.854,Cost per KG,4.85,5.240,Cost per KG,5.24,4.295,Cost per KG,4.30,5.652,Cost per KG,5.65,5.004,Cost per KG,5.00,1.00,1420,52,30.00,Brinell,0.00,0.00,eMithran Baseline,
"ABS, Hi Impact","Generic ABS, Hi Impact",,51.31,Thermoplastic,"ABS, Hi Impact",ABS,ABS,ABS,ABS,4.901,Cost per KG,4.90,5.291,Cost per KG,5.29,4.337,Cost per KG,4.34,5.708,Cost per KG,5.71,5.053,Cost per KG,5.05,1.00,1030,45,30.00,Brinell,0.00,0.00,eMithran Baseline,
"Acrylic, PMMA","Generic Acrylic, PMMA",,51.21,Thermoplastic,"Acrylic, PMMA",PMMA,PMMA,PMMA,PMMA,4.925,Cost per KG,4.92,5.317,Cost per KG,5.32,4.358,Cost per KG,4.36,5.735,Cost per KG,5.74,5.077,Cost per KG,5.08,1.00,1180,62,30.00,Brinell,0.00,0.00,eMithran Baseline,
Polycarbonate,Generic Polycarbonate,,51.21,Thermoplastic,Polycarbonate,PC,PC,PC,PC,5.051,Cost per KG,5.05,5.453,Cost per KG,5.45,4.470,Cost per KG,4.47,5.883,Cost per KG,5.88,5.207,Cost per KG,5.21,1.00,1240,59,30.00,Brinell,0.00,0.00,eMithran Baseline,
Polybutylene Terephthalate,Generic Polybutylene Terephthalate,,51.31,Thermoplastic,Polybutylene Terephthalate,PBT,PBT,PBT,PBT,5.473,Cost per KG,5.47,5.909,Cost per KG,5.91,4.843,Cost per KG,4.84,6.374,Cost per KG,6.37,5.643,Cost per KG,5.64,1.00,1290,61,30.00,Brinell,0.00,0.00,eMithran Baseline,
"Aluminum, AA 7003","Generic Aluminum, AA 7003",Grade 7003,30.11,Aluminum,"Aluminum, AA 7003","Aluminum, AA 7003",EN AW-7003,"Aluminum, AA 7003","Aluminum, AA 7003",6.427,Cost per KG,6.43,6.938,Cost per KG,6.94,5.687,Cost per KG,5.69,7.484,Cost per KG,7.48,6.626,Cost per KG,6.63,9.00,2900,220,60.00,Brinell,0.00,0.00,eMithran Baseline,
"Aluminum, AA 383.0","Generic Aluminum, AA 383.0",Grade 383,30.11,Aluminum,"Aluminum, AA 383.0","Aluminum, AA 383.0","Aluminum, AA 383.0","Aluminum, AA 383.0","Aluminum, AA 383.0",6.471,Cost per KG,6.47,6.986,Cost per KG,6.99,5.728,Cost per KG,5.73,7.536,Cost per KG,7.54,6.671,Cost per KG,6.67,9.00,2800,188,60.00,Brinell,0.00,0.00,eMithran Baseline,
"Aluminum, AA 380.0","Generic Aluminum, AA 380.0",Grade 380,30.11,Aluminum,"Aluminum, AA 380.0","Aluminum, AA 380.0","Aluminum, AA 380.0","Aluminum, AA 380.0","Aluminum, AA 380.0",6.493,Cost per KG,6.49,7.010,Cost per KG,7.01,5.746,Cost per KG,5.75,7.561,Cost per KG,7.56,6.694,Cost per KG,6.69,9.00,2900,190,80.00,Brinell,0.00,0.00,eMithran Baseline,
"Aluminum, ANSI 5119","Generic Aluminum, ANSI 5119",Grade Aluminum 5119,30.11,Aluminum,"Aluminum, ANSI 5119",EN AW-Al Mg5,EN AW-5019,5019,A5056,6.494,Cost per KG,6.49,7.011,Cost per KG,7.01,5.747,Cost per KG,5.75,7.563,Cost per KG,7.56,6.695,Cost per KG,6.69,9.00,2640,159,60.00,Brinell,0.00,0.00,eMithran Baseline,
"Aluminum, ANSI 5083","Generic Aluminum, ANSI 5083",Grade 5083,30.11,Aluminum,"Aluminum, ANSI 5083","EN AW-Al Mg4,5Mn0,7",EN AW-5083,5083 (LF4),A5083,6.503,Cost per KG,6.50,7.021,Cost per KG,7.02,5.755,Cost per KG,5.76,7.574,Cost per KG,7.57,6.705,Cost per KG,6.70,9.00,2700,206,60.00,Brinell,0.00,0.00,eMithran Baseline,
"Aluminum, ANSI 7022","Generic Aluminum, ANSI 7022",Grade 7022,30.11,Aluminum,"Aluminum, ANSI 7022",EN AW-Al Zn5Mg3Cu,EN AW-7022,7022,,6.518,Cost per KG,6.52,7.037,Cost per KG,7.04,5.769,Cost per KG,5.77,7.591,Cost per KG,7.59,6.720,Cost per KG,6.72,9.00,2780,344,60.00,Brinell,0.00,0.00,eMithran Baseline,
"Aluminum, ANSI 7020","Generic Aluminum, ANSI 7020",Grade 7020,30.11,Aluminum,"Aluminum, ANSI 7020","EN AW-Al Zn4,5Mg1",EN AW-7020,7020,A7020,6.537,Cost per KG,6.54,7.058,Cost per KG,7.06,5.785,Cost per KG,5.79,7.613,Cost per KG,7.61,6.740,Cost per KG,6.74,9.00,2770,221,60.00,Brinell,0.00,0.00,eMithran Baseline,
"Aluminum, ANSI 5454","Generic Aluminum, ANSI 5454",Grade 5454,30.11,Aluminum,"Aluminum, ANSI 5454",EN AW-Al Mg3Mn,EN AW-5454,5454,A5454,6.572,Cost per KG,6.57,7.096,Cost per KG,7.10,5.816,Cost per KG,5.82,7.654,Cost per KG,7.65,6.776,Cost per KG,6.78,9.00,2700,165,60.00,Brinell,0.00,0.00,eMithran Baseline,
"Aluminum, ANSI 6012","Generic Aluminum, ANSI 6012",Grade 6012,30.11,Aluminum,"Aluminum, ANSI 6012",EN AW-Al MgSiPb,EN AW-6012,,,6.575,Cost per KG,6.57,7.098,Cost per KG,7.10,5.818,Cost per KG,5.82,7.657,Cost per KG,7.66,6.778,Cost per KG,6.78,9.00,2750,227,60.00,Brinell,0.00,0.00,eMithran Baseline,
"Aluminum, ANSI 6082","Generic Aluminum, ANSI 6082",Grade 6082,30.11,Aluminum,"Aluminum, ANSI 6082",EN AW-Al Si1MgMn,EN AW-6082,LD2,A6082,6.575,Cost per KG,6.58,7.099,Cost per KG,7.10,5.819,Cost per KG,5.82,7.658,Cost per KG,7.66,6.779,Cost per KG,6.78,9.00,2700,210,60.00,Brinell,0.00,0.00,eMithran Baseline,
"Aluminum, ANSI 7075","Generic Aluminum, ANSI 7075",Grade 7075,30.11,Aluminum,"Aluminum, ANSI 7075","EN AW-Al Zn5,5MgCu",EN AW-7075,7075,A7075,6.589,Cost per KG,6.59,7.114,Cost per KG,7.11,5.831,Cost per KG,5.83,7.674,Cost per KG,7.67,6.793,Cost per KG,6.79,9.00,2810,371,60.00,Brinell,0.00,0.00,eMithran Baseline,
"Aluminum, ANSI 3103","Generic Aluminum, ANSI 3103",Grade 3103,30.11,Aluminum,"Aluminum, ANSI 3103",EN AW-Al Mn 1,EN AW-3103,3103,A3103,6.594,Cost per KG,6.59,7.119,Cost per KG,7.12,5.835,Cost per KG,5.84,7.679,Cost per KG,7.68,6.798,Cost per KG,6.80,9.00,2730,98,60.00,Brinell,0.00,0.00,eMithran Baseline,
"Aluminum, ANSI 3003","Generic Aluminum, ANSI 3003",,30.11,Aluminum,"Aluminum, ANSI 3003",EN AW-Al Mn1Cu,EN AW-3003,3003,A3003,6.601,Cost per KG,6.60,7.127,Cost per KG,7.13,5.842,Cost per KG,5.84,7.688,Cost per KG,7.69,6.806,Cost per KG,6.81,9.00,2730,97,60.00,Brinell,0.00,0.00,eMithran Baseline,
"Aluminum, ANSI 5251","Generic Aluminum, ANSI 5251",Grade 5251,30.11,Aluminum,"Aluminum, ANSI 5251","EN AW-AlMg2Mn0,3",EN AW-5251,ISO 5251,A 5251T,6.604,Cost per KG,6.60,7.130,Cost per KG,7.13,5.844,Cost per KG,5.84,7.691,Cost per KG,7.69,6.809,Cost per KG,6.81,9.00,2680,138,60.00,Brinell,0.00,0.00,eMithran Baseline,
"Aluminum, AA 3105","Generic Aluminum, AA 3105",Grade 3105,30.11,Aluminum,"Aluminum, AA 3105","Aluminum, AA 3105",EN AW-3105,"Aluminum, AA 3105","Aluminum, AA 3105",6.627,Cost per KG,6.63,7.154,Cost per KG,7.15,5.864,Cost per KG,5.86,7.717,Cost per KG,7.72,6.832,Cost per KG,6.83,9.00,2800,109,60.00,Brinell,0.00,0.00,eMithran Baseline,
"Aluminum, ANSI 6061","Generic Aluminum, ANSI 6061",,30.11,Aluminum,"Aluminum, ANSI 6061",EN AW-AlMg1SiCu,EN AW-6061,6061A (LD30),6061,6.639,Cost per KG,6.64,7.168,Cost per KG,7.17,5.875,Cost per KG,5.88,7.732,Cost per KG,7.73,6.845,Cost per KG,6.84,9.00,2700,230,60.00,Brinell,0.00,0.00,eMithran Baseline,
"Aluminum, ANSI 5005A","Generic Aluminum, ANSI 5005A",Grade 5005A,30.11,Aluminum,"Aluminum, ANSI 5005A",EN AW-Al Mg1,EN AW-5005A,,,6.671,Cost per KG,6.67,7.203,Cost per KG,7.20,5.904,Cost per KG,5.90,7.770,Cost per KG,7.77,6.878,Cost per KG,6.88,9.00,2700,108,60.00,Brinell,0.00,0.00,eMithran Baseline,
"Aluminum, ANSI 6060","Generic Aluminum, ANSI 6060",Grade 6060,30.11,Aluminum,"Aluminum, ANSI 6060",EN AW-Al MgSi,EN AW-6060,6060,A6060,6.678,Cost per KG,6.68,7.210,Cost per KG,7.21,5.910,Cost per KG,5.91,7.777,Cost per KG,7.78,6.885,Cost per KG,6.88,9.00,2700,140,60.00,Brinell,0.00,0.00,eMithran Baseline,
"Aluminum, ANSI 1050A","Generic Aluminum, ANSI 1050A",Grade 1050A,30.11,Aluminum,"Aluminum, ANSI 1050A","EN AW-Al 99,5",EN AW-1050A,1B,A1050,6.729,Cost per KG,6.73,7.266,Cost per KG,7.27,5.955,Cost per KG,5.96,7.837,Cost per KG,7.84,6.938,Cost per KG,6.94,9.00,2700,74,60.00,Brinell,0.00,0.00,eMithran Baseline,
"Aluminum, ANSI 5754","Generic Aluminum, ANSI 5754",Grade Aluminum 5754,30.11,Aluminum,"Aluminum, ANSI 5754",EN AW-Al Mg3,EN AW-5754,5754,A5754,6.756,Cost per KG,6.76,7.295,Cost per KG,7.29,5.979,Cost per KG,5.98,7.869,Cost per KG,7.87,6.966,Cost per KG,6.97,9.00,2750,150,60.00,Brinell,0.00,0.00,eMithran Baseline,
"Aluminum, AA 1100","Generic Aluminum, AA 1100",Grade 1100,30.11,Aluminum,"Aluminum, AA 1100","Aluminum, AA 1100",EN AW-1100,"Aluminum, AA 1100","Aluminum, AA 1100",6.759,Cost per KG,6.76,7.297,Cost per KG,7.30,5.981,Cost per KG,5.98,7.872,Cost per KG,7.87,6.968,Cost per KG,6.97,9.00,2700,75,60.00,Brinell,0.00,0.00,eMithran Baseline,
"Aluminum, ANSI 7050","Generic Aluminum, ANSI 7050",,30.11,Aluminum,"Aluminum, ANSI 7050",EN AW-AlZn6CuMgZr,EN AW-7050,7050,7050,6.841,Cost per KG,6.84,7.386,Cost per KG,7.39,6.054,Cost per KG,6.05,7.967,Cost per KG,7.97,7.053,Cost per KG,7.05,9.00,2700,315,60.00,Brinell,0.00,0.00,eMithran Baseline,
"Aluminum, ANSI 2030","Generic Aluminum, ANSI 2030",Grade 2030,30.11,Aluminum,"Aluminum, ANSI 2030",EN AW-Al Cu4PbMg,EN AW-2030,7L25,A2030,6.970,Cost per KG,6.97,7.525,Cost per KG,7.53,6.168,Cost per KG,6.17,8.117,Cost per KG,8.12,7.186,Cost per KG,7.19,9.00,2820,267,60.00,Brinell,0.00,0.00,eMithran Baseline,
"Aluminum, ANSI 2007","Generic Aluminum, ANSI 2007",Grade 2007,30.11,Aluminum,"Aluminum, ANSI 2007",EN AW-Al CuPbMgMn,EN AW-2007,,A2007,6.971,Cost per KG,6.97,7.526,Cost per KG,7.53,6.169,Cost per KG,6.17,8.118,Cost per KG,8.12,7.187,Cost per KG,7.19,9.00,2850,230,60.00,Brinell,0.00,0.00,eMithran Baseline,
"Aluminum, ANSI 2017","Generic Aluminum, ANSI 2017",Grade 2017,30.11,Aluminum,"Aluminum, ANSI 2017",EN AW-Al Cu4MgSi,EN AW-2017,2017A,A2017,7.025,Cost per KG,7.03,7.585,Cost per KG,7.58,6.217,Cost per KG,6.22,8.181,Cost per KG,8.18,7.243,Cost per KG,7.24,9.00,2700,276,60.00,Brinell,0.00,0.00,eMithran Baseline,
"Aluminum, ANSI 2024","Generic Aluminum, ANSI 2024",Grade 2024,30.11,Aluminum,"Aluminum, ANSI 2024",EN AW-Al Cu4Mg1,EN AW-2024,2024,A2024,7.046,Cost per KG,7.05,7.607,Cost per KG,7.61,6.235,Cost per KG,6.24,8.206,Cost per KG,8.21,7.264,Cost per KG,7.26,9.00,2700,304,60.00,Brinell,0.00,0.00,eMithran Baseline,
"Stainless Steel, AISI 316","Generic Stainless Steel, AISI 316",,5.21,Stainless Steel,"Stainless Steel, AISI 316",X5CrNiMo17122,1.4401,S31608,SUS 316,7.225,Cost per KG,7.23,7.801,Cost per KG,7.80,6.394,Cost per KG,6.39,8.414,Cost per KG,8.41,7.449,Cost per KG,7.45,11.00,8073,347,200.00,Brinell,0.00,0.00,eMithran Baseline,
"Stainless Steel, AISI 316L","Generic Stainless Steel, AISI 316L",,5.21,Stainless Steel,"Stainless Steel, AISI 316L",X2CrNiMo17132,1.4404,S31603,SUS316L,7.225,Cost per KG,7.23,7.801,Cost per KG,7.80,6.394,Cost per KG,6.39,8.414,Cost per KG,8.41,7.449,Cost per KG,7.45,11.00,8073,335,200.00,Brinell,0.00,0.00,eMithran Baseline,
"Aluminum, AA 2219","Generic Aluminum, AA 2219",Grade 2219,30.11,Aluminum,"Aluminum, AA 2219","Aluminum, AA 2219",EN AW-2219,"Aluminum, AA 2219","Aluminum, AA 2219",7.344,Cost per KG,7.34,7.929,Cost per KG,7.93,6.499,Cost per KG,6.50,8.553,Cost per KG,8.55,7.571,Cost per KG,7.57,9.00,3100,195,60.00,Brinell,0.00,0.00,eMithran Baseline,
"Stainless Steel, 17-4PH","Generic Stainless Steel, 17-4PH",Grade 17-4PH,5.21,Stainless Steel,"Stainless Steel, 17-4PH","Stainless Steel, 17-4PH","Stainless Steel, 17-4PH","Stainless Steel, 17-4PH","Stainless Steel, 17-4PH",8.119,Cost per KG,8.12,8.766,Cost per KG,8.77,7.185,Cost per KG,7.19,9.456,Cost per KG,9.46,8.371,Cost per KG,8.37,11.00,7800,700,360.00,Brinell,0.00,0.00,eMithran Baseline,
"Brass, UNS C36000","Generic Brass, UNS C36000",,33.3,Brass,"Brass, UNS C36000","Brass, UNS C36000",CW603N,"Brass, UNS C36000","Brass, UNS C36000",10.851,Cost per KG,10.85,11.716,Cost per KG,11.72,9.603,Cost per KG,9.60,12.638,Cost per KG,12.64,11.188,Cost per KG,11.19,31.00,8200,260,110.00,Brinell,0.00,0.00,eMithran Baseline,
Nylon 6/6,Generic Nylon 6/6,,51.32,Thermoplastic,Nylon 6/6,PA,PA,PA,PA,11.283,Cost per KG,11.28,12.181,Cost per KG,12.18,9.985,Cost per KG,9.98,13.140,Cost per KG,13.14,11.632,Cost per KG,11.63,1.00,1140,67,30.00,Brinell,0.00,0.00,eMithran Baseline,
"Brass, CW617N","Generic Brass, CW617N",Grade CW617N,33.3,Brass,"Brass, CW617N","Brass, CW617N","Brass, CW617N","Brass, CW617N","Brass, CW617N",12.034,Cost per KG,12.03,12.992,Cost per KG,12.99,10.649,Cost per KG,10.65,14.014,Cost per KG,14.01,12.406,Cost per KG,12.41,31.00,8430,270,120.00,Brinell,0.00,0.00,eMithran Baseline,
"Copper, UNS C28000","Generic Copper, UNS C28000",,33.3,Copper,"Copper, UNS C28000","CuZn39Pb0,5",CW610N,HPb59-1,C 2800 W,12.168,Cost per KG,12.17,13.137,Cost per KG,13.14,10.768,Cost per KG,10.77,14.171,Cost per KG,14.17,12.545,Cost per KG,12.54,31.00,8930,289,100.00,Brinell,0.00,0.00,eMithran Baseline,
"Copper, UNS C11000","Generic Copper, UNS C11000",,33.3,Copper,"Copper, UNS C11000",Cu-ETP,CF004A,T2,C1100,12.784,Cost per KG,12.78,13.802,Cost per KG,13.80,11.313,Cost per KG,11.31,14.888,Cost per KG,14.89,13.180,Cost per KG,13.18,31.00,8930,207,100.00,Brinell,0.00,0.00,eMithran Baseline,
"Copper, UNS C27200","Generic Copper, UNS C27200",,33.3,Copper,"Copper, UNS C27200",CuZn 37,2.0321,H63,C 2720,12.806,Cost per KG,12.81,13.825,Cost per KG,13.83,11.332,Cost per KG,11.33,14.914,Cost per KG,14.91,13.202,Cost per KG,13.20,31.00,8930,289,100.00,Brinell,0.00,0.00,eMithran Baseline,
"Copper, UNS C18150","Generic Copper, UNS C18150",,33.3,Copper,"Copper, UNS C18150",CuCr1Zr,CW106C,QCr0.5,ISO CuCr1Zr,15.380,Cost per KG,15.38,16.605,Cost per KG,16.60,13.610,Cost per KG,13.61,17.911,Cost per KG,17.91,15.856,Cost per KG,15.86,31.00,8930,289,100.00,Brinell,0.00,0.00,eMithran Baseline,
"Copper, UNS C62730","Generic Copper, UNS C62730",,33.3,Copper,"Copper, UNS C62730",CuAl10Ni5Fe4,CW307G,QAl10-4-4,C 6301 P,16.307,Cost per KG,16.31,17.606,Cost per KG,17.61,14.431,Cost per KG,14.43,18.991,Cost per KG,18.99,16.812,Cost per KG,16.81,31.00,8930,289,100.00,Brinell,0.00,0.00,eMithran Baseline,
Inconel 718,Generic Inconel 718,,20.22,Heat Resistant Super Alloys,Inconel 718,NiCr19Fe19Nb5Mo3,2.4668,NW7718,NCF718,17.090,Cost per KG,17.09,18.451,Cost per KG,18.45,15.123,Cost per KG,15.12,19.902,Cost per KG,19.90,17.619,Cost per KG,17.62,12.00,8190,765,350.00,Brinell,0.00,0.00,eMithran Baseline,
Polyimide,Generic Polyimide,,52.32,Thermoset,Polyimide,PI,PI,PI,PI,18.873,Cost per KG,18.87,20.376,Cost per KG,20.38,16.702,Cost per KG,16.70,21.980,Cost per KG,21.98,19.458,Cost per KG,19.46,0.00,1360,89,30.00,Brinell,0.00,0.00,eMithran Baseline,
"Copper, UNS C51900","Generic Copper, UNS C51900",,33.3,Copper,"Copper, UNS C51900",CuSn 6,2.1020,QSn6.5-0.1,C 5191,20.238,Cost per KG,20.24,21.850,Cost per KG,21.85,17.910,Cost per KG,17.91,23.569,Cost per KG,23.57,20.865,Cost per KG,20.86,31.00,8930,289,100.00,Brinell,0.00,0.00,eMithran Baseline,
Inconel 625,Generic Inconel 625,,20.21,Heat Resistant Super Alloys,Inconel 625,NiCr22Mo9Nb,2.4856,NW6625,DNiCrMo-3,24.005,Cost per KG,24.00,25.916,Cost per KG,25.92,21.243,Cost per KG,21.24,27.956,Cost per KG,27.96,24.748,Cost per KG,24.75,12.00,8440,528,250.00,Brinell,0.00,0.00,eMithran Baseline,
Hastelloy X,Generic Hastelloy X,,20.23,Heat Resistant Super Alloys,Hastelloy X,NiCr22Fe18Mo,2.4665,NW6002,DNiCrMo-2,25.632,Cost per KG,25.63,27.673,Cost per KG,27.67,22.683,Cost per KG,22.68,29.851,Cost per KG,29.85,26.426,Cost per KG,26.43,12.00,8220,517,275.00,Brinell,0.00,0.00,eMithran Baseline,
Haynes alloy 230,Generic Haynes alloy 230,Carbide strengthened nickel-chromium-tungsten-molybdenum alloy,20.31,Heat Resistant Super Alloys,Haynes alloy 230,Haynes alloy 230,Haynes alloy 230,Haynes alloy 230,Haynes alloy 230,27.473,Cost per KG,27.47,29.661,Cost per KG,29.66,24.312,Cost per KG,24.31,31.995,Cost per KG,32.00,28.324,Cost per KG,28.32,12.00,8970,517,200.00,Brinell,0.00,0.00,eMithran Baseline,
Polyetherimide (PEI),Generic Polyetherimide (PEI),,51.21,Thermoplastic,Polyetherimide (PEI),PEI,PEI,PEI,PEI,30.078,Cost per KG,30.08,32.474,Cost per KG,32.47,26.618,Cost per KG,26.62,35.029,Cost per KG,35.03,31.010,Cost per KG,31.01,1.00,1380,68,30.00,Brinell,0.00,0.00,eMithran Baseline,
"Titanium, Ti-6Al-4V","Generic Titanium, Ti-6Al-4V",,23.21,Titanium,"Titanium, Ti-6Al-4V",G-TiAl6V4,3.7161,TC-10,TAB 6400,31.247,Cost per KG,31.25,33.736,Cost per KG,33.74,27.653,Cost per KG,27.65,36.391,Cost per KG,36.39,32.215,Cost per KG,32.22,2.00,4430,597,950.00,Tensile Strength,0.00,0.00,eMithran Baseline,
"Titanium, Ti-5Al-2.5Sn","Generic Titanium, Ti-5Al-2.5Sn",,23.21,Titanium,"Titanium, Ti-5Al-2.5Sn",TiAl5Sn2.5,3.7115,TA-7,TAB 3250,31.703,Cost per KG,31.70,34.228,Cost per KG,34.23,28.056,Cost per KG,28.06,36.921,Cost per KG,36.92,32.685,Cost per KG,32.68,2.00,4480,496,950.00,Tensile Strength,0.00,0.00,eMithran Baseline,
Hastelloy C-276,Generic Hastelloy C-276,,20.23,Heat Resistant Super Alloys,Hastelloy C-276,NiMo16Cr15W,2.4819,NW0276,YNiCrMo-4,31.858,Cost per KG,31.86,34.395,Cost per KG,34.40,28.193,Cost per KG,28.19,37.102,Cost per KG,37.10,32.845,Cost per KG,32.84,12.00,8890,471,275.00,Brinell,0.00,0.00,eMithran Baseline,
"Polyetheretherketone, PEEK","Generic Polyetheretherketone, PEEK",,51.21,Thermoplastic,"Polyetheretherketone, PEEK",PEEK,PEEK,PEEK,PEEK,100.870,Cost per KG,100.87,108.904,Cost per KG,108.90,89.266,Cost per KG,89.27,117.474,Cost per KG,117.47,103.995,Cost per KG,103.99,1.00,1330,64,30.00,Brinell,0.00,0.00,eMithran Baseline,
Polyamide-Imide (PAI),Generic Polyamide-Imide (PAI),,51.32,Thermoplastic,Polyamide-Imide (PAI),PAI,PAI,PAI,PAI,224.052,Cost per KG,224.05,241.897,Cost per KG,241.90,198.276,Cost per KG,198.28,260.931,Cost per KG,260.93,230.991,Cost per KG,230.99,1.00,1390,108,30.00,Brinell,0.00,0.00,eMithran Baseline,
