process_name,digital_factory,sector,name,description,accounting.labor_rate_usd_per_hr,accounting.direct_overhead_rate_usd_per_hr,accounting.indirect_overhead_rate_usd_per_hr,accounting.overhead_multiplier,accounting.number_of_operators,accounting.labor_time_standard,accounting.wage_grade_name,accounting.work_center_labor_rate_factor,time.setup_time_hr,time.base_part_setup_time_hr,time.alignment_time_s,rates.rapid_traverse_rate_mm_per_min,limits.max_diameter_mm,limits.max_length_mm,limits.spindle_speed_rpm,powers.spindle_power_kW,powers.auxiliary_power_kW,other.approach_depart_distance_mm,other.is_preferred,yields.avg_utilization,yields.good_part_yield,bottom_up_overhead_rate_inputs.machine_price_usd,bottom_up_overhead_rate_inputs.machine_length_mm,bottom_up_overhead_rate_inputs.machine_width_mm,bottom_up_overhead_rate_inputs.footprint_allowance_factor,bottom_up_overhead_rate_inputs.machine_power_kW,bottom_up_overhead_rate_inputs.installation_factor_percent,bottom_up_overhead_rate_inputs.machine_uptime_percent,bottom_up_overhead_rate_inputs.annual_maintenance_factor_percent,bottom_up_overhead_rate_inputs.machine_life_yr,bottom_up_overhead_rate_inputs.salvage_value_factor_percent,bottom_up_overhead_rate_inputs.supplies_cost_usd_per_yr,manufacturer_information.machine_manufacturer_location
internal grinder,USA reference export,World Average,Danobat Overbeck IC/iD,"20.1 hp, 8000 rpm, 14 in. max workpiece",29.95,12.31,18.61,0.0,1.0,1.0,,1.0,0.5,0.05,2.0,5080.0,500.0,350.0,8000.0,15.0,6.4,2.54,False,0.5,1.0,150000.0,6100.0,3050.0,3.0,21.4,20.0,80.0,5.0,10,0.0,0.0,Germany
internal grinder,USA reference export,World Average,Danobat Overbeck IG,"10.1 hp, 120000 rpm, 7 in. max workpiece",29.95,10.7,18.61,0.0,1.0,1.0,,1.0,0.5,0.05,2.0,5080.0,200.0,190.0,120000.0,7.5,3.2,2.54,False,0.5,1.0,150000.0,6100.0,3050.0,3.0,10.7,20.0,80.0,5.0,10,0.0,0.0,Spain
internal grinder,USA reference export,World Average,FlexGrind M,"40.2 hp, 6700 rpm, 157 in. max workpiece",29.95,26.14,18.61,0.0,1.0,1.0,,1.0,0.5,0.05,2.0,5080.0,600.0,4000.0,6700.0,30.0,12.8,2.54,False,0.5,1.0,325000.0,6100.0,3050.0,3.0,42.8,20.0,80.0,5.0,10,0.0,0.0,Germany
internal grinder,USA reference export,World Average,FlexGrind S,"13.4 hp, 8000 rpm, 63 in. max workpiece",29.95,21.83,18.61,0.0,1.0,1.0,,1.0,0.5,0.05,2.0,5080.0,500.0,1600.0,8000.0,10.0,4.3,2.54,False,0.5,1.0,325000.0,6100.0,3050.0,3.0,14.3,20.0,80.0,5.0,10,0.0,0.0,Germany
internal grinder,USA reference export,World Average,Kellenberger KEL Universal,"49.6 hp, 120000 rpm, 59 in. max workpiece",29.95,27.67,16.83,0.0,1.0,1.0,,1.0,0.5,0.05,2.0,5080.0,400.0,1500.0,120000.0,37.0,15.9,2.54,False,0.5,1.0,325000.0,5560.0,2100.0,3.0,52.9,20.0,80.0,5.0,10,0.0,0.0,Germany
internal grinder,USA reference export,World Average,Kellenberger KEL VARIA,"10.1 hp, 30000 rpm, 24 in. max workpiece",29.95,21.29,16.19,0.0,1.0,1.0,,1.0,0.5,0.05,2.0,5080.0,400.0,600.0,30000.0,7.5,3.2,2.54,False,0.5,1.0,325000.0,4600.0,2000.0,3.0,10.7,20.0,80.0,5.0,10,0.0,0.0,Switzerland
internal grinder,USA reference export,World Average,Matrix 6950,"16.1 hp, 100000 rpm, 12 in. max workpiece",29.95,22.27,16.98,0.0,1.0,1.0,,1.0,0.5,0.05,2.0,5080.0,250.0,300.0,100000.0,12.0,5.2,2.54,False,0.5,1.0,325000.0,3500.0,3500.0,3.0,17.2,20.0,80.0,5.0,10,0.0,0.0,England
internal grinder,USA reference export,World Average,Studer CT550,"16.1 hp, 7500 rpm, 22 in. max workpiece",29.95,22.27,18.61,0.0,1.0,1.0,,1.0,0.5,0.05,2.0,5080.0,500.0,550.0,7500.0,12.0,5.2,2.54,False,0.5,1.0,325000.0,6100.0,3050.0,3.0,17.2,20.0,80.0,5.0,10,0.0,0.0,Switzerland
internal grinder,USA reference export,World Average,Studer s120,"10.1 hp, 120000 rpm, 48 in. max workpiece",29.95,20.69,16.99,0.0,1.0,1.0,,1.0,0.5,0.05,2.0,5080.0,250.0,1210.0,120000.0,7.5,3.2,2.54,False,0.5,1.0,315000.0,3200.0,3840.0,3.0,10.7,20.0,80.0,5.0,10,0.0,0.0,Switzerland
internal grinder,USA reference export,World Average,Studer s145,"13.4 hp, 120000 rpm, 6 in. max workpiece",29.95,20.32,17.69,0.0,1.0,1.0,,1.0,0.5,0.05,2.0,5080.0,250.0,145.0,120000.0,10.0,4.3,2.54,False,0.5,1.0,300000.0,3400.0,4420.0,3.0,14.3,20.0,80.0,5.0,10,0.0,0.0,Switzerland
