Name,Machine Type Info,Description,Labor Rate (USD / hr),Direct Overhead Rate (USD / hr),Indirect Overhead Rate (USD / hr),Overhead Multiplier,Number of Operators,Labor Time Standard,Wage Grade Name,Work Center Labor Rate Factor,Setup Time (hr),Feed Speed (mm / s),Max Part Diameter (mm),Is Preferred,Avg Utilization,Good Part Yield,Machine Price (USD),Machine Length (mm),Machine Width (mm),Footprint Allowance Factor,Machine Power (kW),Installation Factor (%),Machine Uptime (%),Annual Maintenance Factor (%),Machine Life (yr),Salvage Value Factor (%),Supplies Cost (USD / yr),Machine Manufacturer Location
BLM Elect 102,electric,Max OD 102 mm (4.02 in); 8 Tooling Stacks,43.99,16.80,15.47,0.00,1.00,1.00,,1.00,0.25,1600.00,102.00,false,1.00,1.00,336000.00,5523.00,1965.00,1.50,18.00,20.00,80.00,5.00,20.00,0.00,0.00,Italy
BLM Elect 130,electric,Max OD 130 mm (5.12 in); 8 Tooling Stacks,43.99,24.16,16.27,0.00,1.00,1.00,,1.00,0.25,1200.00,130.00,false,1.00,1.00,451000.00,7072.00,2434.00,1.50,35.00,20.00,80.00,5.00,20.00,0.00,0.00,Italy
BLM Elect 150,electric,Max OD 150 mm (5.91 in); 8 Tooling Stacks,43.99,28.99,16.27,0.00,1.00,1.00,,1.00,0.25,1200.00,150.00,false,1.00,1.00,566000.00,7072.00,2434.00,1.50,35.00,20.00,80.00,5.00,20.00,0.00,0.00,Italy
BLM Elect 52,electric,Max OD 50.80 mm (2 in); 8 Tooling Stacks,43.99,12.20,14.89,0.00,1.00,1.00,,1.00,0.25,1450.00,50.80,false,1.00,1.00,246000.00,4280.00,1475.00,1.50,12.50,20.00,80.00,5.00,20.00,0.00,0.00,Italy
BLM Elect 80,electric,Max OD 80 mm (3.15 in); 8 Tooling Stacks,43.99,14.91,15.48,0.00,1.00,1.00,,1.00,0.25,1450.00,80.00,false,1.00,1.00,291000.00,5510.00,1990.00,1.50,18.00,20.00,80.00,5.00,20.00,0.00,0.00,Italy
Horn Machine Tool CNC130TBRE-RBE,hybrid,Max OD 127 mm (5 in); 2 Tooling Stacks,43.99,24.56,17.06,0.00,1.00,1.00,,1.00,0.25,730.00,127.00,false,1.00,1.00,372000.00,11679.00,2000.00,1.50,60.00,20.00,80.00,5.00,20.00,0.00,0.00,USA
Horn Machine Tool CNC30TBRE,hybrid,Max OD 30 mm (1.18 in); 2 Tooling Stacks,43.99,7.48,14.57,0.00,1.00,1.00,,1.00,0.25,730.00,30.00,false,1.00,1.00,148000.00,4800.00,800.00,1.50,8.50,20.00,80.00,5.00,20.00,0.00,0.00,USA
Horn Machine Tool CNC50TBRE,hybrid,Max OD 50.80 mm (2 in); 2 Tooling Stacks,43.99,9.70,14.73,0.00,1.00,1.00,,1.00,0.25,730.00,50.80,false,1.00,1.00,167000.00,5600.00,900.00,1.50,18.00,20.00,80.00,5.00,20.00,0.00,0.00,USA
Horn Machine Tool CNC80TBRE,hybrid,Max OD 80 mm (3.15 in); 2 Tooling Stacks,43.99,13.66,15.32,0.00,1.00,1.00,,1.00,0.25,730.00,80.00,false,1.00,1.00,211750.00,6700.00,1450.00,1.50,32.00,20.00,80.00,5.00,20.00,0.00,0.00,USA
Pedrazzoli BM25,electric,Max OD 25.4 mm (1 in); 8 Tooling Stacks,43.99,13.52,15.36,0.00,1.00,1.00,,1.00,0.25,1651.00,25.40,false,1.00,1.00,265000.00,6099.00,1651.00,1.50,16.00,20.00,80.00,5.00,20.00,0.00,0.00,Italy
Pedrazzoli BM45,electric,Max OD 44.45 mm (1.75 in); 8 Tooling Stacks,43.99,17.35,15.19,0.00,1.00,1.00,,1.00,0.25,914.40,44.45,false,1.00,1.00,335000.00,6197.60,1397.00,1.50,22.00,20.00,80.00,5.00,20.00,0.00,0.00,Italy
Pedrazzoli BM65,electric,Max OD 63.5 mm (2.5 in); 8 Tooling Stacks,43.99,23.41,15.72,0.00,1.00,1.00,,1.00,0.25,711.20,63.50,false,1.00,1.00,380000.00,7569.20,1701.80,1.50,50.00,20.00,80.00,5.00,20.00,0.00,0.00,Italy
Pedrazzoli BM90,electric,Max OD 88.9 mm (3.5 in); 8 Tooling Stacks,43.99,23.62,16.46,0.00,1.00,1.00,,1.00,0.25,711.20,88.90,false,1.00,1.00,385000.00,8001.00,2336.00,1.50,50.00,20.00,80.00,5.00,20.00,0.00,0.00,Italy
Virtual Profile CNC Bender - Extra Large,hybrid,Max OD 482.6 mm (19 in); 8 Tooling Stacks,43.99,62.33,21.71,0.00,1.00,1.00,,1.00,0.25,70.00,482.60,true,1.00,1.00,1200000.00,15000.00,4000.00,1.50,80.00,20.00,80.00,5.00,20.00,0.00,0.00,Virtual
Virtual Profile CNC Bender - Large,hybrid,Max OD 254 mm (10 in); 8 Tooling Stacks,43.99,43.31,17.65,0.00,1.00,1.00,,1.00,0.25,375.00,254.00,true,1.00,1.00,875000.00,8000.00,3500.00,1.50,44.00,20.00,80.00,5.00,20.00,0.00,0.00,Virtual
Virtual Profile CNC Bender - Medium,hybrid,Max OD 152.4 mm (6 in); 8 Tooling Stacks,43.99,23.37,16.07,0.00,1.00,1.00,,1.00,0.25,590.00,152.40,true,1.00,1.00,450000.00,6500.00,2400.00,1.50,30.00,20.00,80.00,5.00,20.00,0.00,0.00,Virtual
Virtual Profile CNC Bender - Small,hybrid,Max OD 76.2 mm (3 in); 8 Tooling Stacks,43.99,14.86,15.29,0.00,1.00,1.00,,1.00,0.25,960.00,76.20,true,1.00,1.00,290000.00,5000.00,1900.00,1.50,18.00,20.00,80.00,5.00,20.00,0.00,0.00,Virtual
