table_name,tool_type,tool_series,schema_correction_notice,units.diameter,units.groove_width,units.cutting_speed,units.feed,units.depth_max,units.tool_life,units.tool_life_cost,tool_life_min,radial_cut_depth_mm,cut_type,value
tblKeyseatMill,Keyseat Mill,Virtual Keyseat Mill,"CORRECTED in this revision: the row pattern has 18 diameter positions, not 17. Diameter 6.000mm (distinct from 6.350mm, sharing identical feed/cost/teeth values with it) was missed in the prior delivery. Materials 1.0 through 20.32 delivered in the previous file were built on the incomplete 17-position schema and have NOT been re-verified against source screenshots in this session -- treat that earlier data as unreliable until re-checked.",mm,mm,m/min,mm/rev,mm,min,USD,15,0.5,Groove Milling,1.0
tblKeyseatMill,Keyseat Mill,Virtual Keyseat Mill,"CORRECTED in this revision: the row pattern has 18 diameter positions, not 17. Diameter 6.000mm (distinct from 6.350mm, sharing identical feed/cost/teeth values with it) was missed in the prior delivery. Materials 1.0 through 20.32 delivered in the previous file were built on the incomplete 17-position schema and have NOT been re-verified against source screenshots in this session -- treat that earlier data as unreliable until re-checked.",mm,mm,m/min,mm/rev,mm,min,USD,15,0.5,Groove Milling,1.1
tblKeyseatMill,Keyseat Mill,Virtual Keyseat Mill,"CORRECTED in this revision: the row pattern has 18 diameter positions, not 17. Diameter 6.000mm (distinct from 6.350mm, sharing identical feed/cost/teeth values with it) was missed in the prior delivery. Materials 1.0 through 20.32 delivered in the previous file were built on the incomplete 17-position schema and have NOT been re-verified against source screenshots in this session -- treat that earlier data as unreliable until re-checked.",mm,mm,m/min,mm/rev,mm,min,USD,15,0.5,Groove Milling,1.2
tblKeyseatMill,Keyseat Mill,Virtual Keyseat Mill,"CORRECTED in this revision: the row pattern has 18 diameter positions, not 17. Diameter 6.000mm (distinct from 6.350mm, sharing identical feed/cost/teeth values with it) was missed in the prior delivery. Materials 1.0 through 20.32 delivered in the previous file were built on the incomplete 17-position schema and have NOT been re-verified against source screenshots in this session -- treat that earlier data as unreliable until re-checked.",mm,mm,m/min,mm/rev,mm,min,USD,15,0.5,Groove Milling,1.3
tblKeyseatMill,Keyseat Mill,Virtual Keyseat Mill,"CORRECTED in this revision: the row pattern has 18 diameter positions, not 17. Diameter 6.000mm (distinct from 6.350mm, sharing identical feed/cost/teeth values with it) was missed in the prior delivery. Materials 1.0 through 20.32 delivered in the previous file were built on the incomplete 17-position schema and have NOT been re-verified against source screenshots in this session -- treat that earlier data as unreliable until re-checked.",mm,mm,m/min,mm/rev,mm,min,USD,15,0.5,Groove Milling,1.4
tblKeyseatMill,Keyseat Mill,Virtual Keyseat Mill,"CORRECTED in this revision: the row pattern has 18 diameter positions, not 17. Diameter 6.000mm (distinct from 6.350mm, sharing identical feed/cost/teeth values with it) was missed in the prior delivery. Materials 1.0 through 20.32 delivered in the previous file were built on the incomplete 17-position schema and have NOT been re-verified against source screenshots in this session -- treat that earlier data as unreliable until re-checked.",mm,mm,m/min,mm/rev,mm,min,USD,15,0.5,Groove Milling,1.5
tblKeyseatMill,Keyseat Mill,Virtual Keyseat Mill,"CORRECTED in this revision: the row pattern has 18 diameter positions, not 17. Diameter 6.000mm (distinct from 6.350mm, sharing identical feed/cost/teeth values with it) was missed in the prior delivery. Materials 1.0 through 20.32 delivered in the previous file were built on the incomplete 17-position schema and have NOT been re-verified against source screenshots in this session -- treat that earlier data as unreliable until re-checked.",mm,mm,m/min,mm/rev,mm,min,USD,15,0.5,Groove Milling,10.0
tblKeyseatMill,Keyseat Mill,Virtual Keyseat Mill,"CORRECTED in this revision: the row pattern has 18 diameter positions, not 17. Diameter 6.000mm (distinct from 6.350mm, sharing identical feed/cost/teeth values with it) was missed in the prior delivery. Materials 1.0 through 20.32 delivered in the previous file were built on the incomplete 17-position schema and have NOT been re-verified against source screenshots in this session -- treat that earlier data as unreliable until re-checked.",mm,mm,m/min,mm/rev,mm,min,USD,15,0.5,Groove Milling,10.1
tblKeyseatMill,Keyseat Mill,Virtual Keyseat Mill,"CORRECTED in this revision: the row pattern has 18 diameter positions, not 17. Diameter 6.000mm (distinct from 6.350mm, sharing identical feed/cost/teeth values with it) was missed in the prior delivery. Materials 1.0 through 20.32 delivered in the previous file were built on the incomplete 17-position schema and have NOT been re-verified against source screenshots in this session -- treat that earlier data as unreliable until re-checked.",mm,mm,m/min,mm/rev,mm,min,USD,15,0.5,Groove Milling,15.11
tblKeyseatMill,Keyseat Mill,Virtual Keyseat Mill,"CORRECTED in this revision: the row pattern has 18 diameter positions, not 17. Diameter 6.000mm (distinct from 6.350mm, sharing identical feed/cost/teeth values with it) was missed in the prior delivery. Materials 1.0 through 20.32 delivered in the previous file were built on the incomplete 17-position schema and have NOT been re-verified against source screenshots in this session -- treat that earlier data as unreliable until re-checked.",mm,mm,m/min,mm/rev,mm,min,USD,15,0.5,Groove Milling,15.12
tblKeyseatMill,Keyseat Mill,Virtual Keyseat Mill,"CORRECTED in this revision: the row pattern has 18 diameter positions, not 17. Diameter 6.000mm (distinct from 6.350mm, sharing identical feed/cost/teeth values with it) was missed in the prior delivery. Materials 1.0 through 20.32 delivered in the previous file were built on the incomplete 17-position schema and have NOT been re-verified against source screenshots in this session -- treat that earlier data as unreliable until re-checked.",mm,mm,m/min,mm/rev,mm,min,USD,15,0.5,Groove Milling,15.13
tblKeyseatMill,Keyseat Mill,Virtual Keyseat Mill,"CORRECTED in this revision: the row pattern has 18 diameter positions, not 17. Diameter 6.000mm (distinct from 6.350mm, sharing identical feed/cost/teeth values with it) was missed in the prior delivery. Materials 1.0 through 20.32 delivered in the previous file were built on the incomplete 17-position schema and have NOT been re-verified against source screenshots in this session -- treat that earlier data as unreliable until re-checked.",mm,mm,m/min,mm/rev,mm,min,USD,15,0.5,Groove Milling,15.21
tblKeyseatMill,Keyseat Mill,Virtual Keyseat Mill,"CORRECTED in this revision: the row pattern has 18 diameter positions, not 17. Diameter 6.000mm (distinct from 6.350mm, sharing identical feed/cost/teeth values with it) was missed in the prior delivery. Materials 1.0 through 20.32 delivered in the previous file were built on the incomplete 17-position schema and have NOT been re-verified against source screenshots in this session -- treat that earlier data as unreliable until re-checked.",mm,mm,m/min,mm/rev,mm,min,USD,15,0.5,Groove Milling,15.22
tblKeyseatMill,Keyseat Mill,Virtual Keyseat Mill,"CORRECTED in this revision: the row pattern has 18 diameter positions, not 17. Diameter 6.000mm (distinct from 6.350mm, sharing identical feed/cost/teeth values with it) was missed in the prior delivery. Materials 1.0 through 20.32 delivered in the previous file were built on the incomplete 17-position schema and have NOT been re-verified against source screenshots in this session -- treat that earlier data as unreliable until re-checked.",mm,mm,m/min,mm/rev,mm,min,USD,15,0.5,Groove Milling,15.23
tblKeyseatMill,Keyseat Mill,Virtual Keyseat Mill,"CORRECTED in this revision: the row pattern has 18 diameter positions, not 17. Diameter 6.000mm (distinct from 6.350mm, sharing identical feed/cost/teeth values with it) was missed in the prior delivery. Materials 1.0 through 20.32 delivered in the previous file were built on the incomplete 17-position schema and have NOT been re-verified against source screenshots in this session -- treat that earlier data as unreliable until re-checked.",mm,mm,m/min,mm/rev,mm,min,USD,15,0.5,Groove Milling,15.51
tblKeyseatMill,Keyseat Mill,Virtual Keyseat Mill,"CORRECTED in this revision: the row pattern has 18 diameter positions, not 17. Diameter 6.000mm (distinct from 6.350mm, sharing identical feed/cost/teeth values with it) was missed in the prior delivery. Materials 1.0 through 20.32 delivered in the previous file were built on the incomplete 17-position schema and have NOT been re-verified against source screenshots in this session -- treat that earlier data as unreliable until re-checked.",mm,mm,m/min,mm/rev,mm,min,USD,15,0.5,Groove Milling,15.52
tblKeyseatMill,Keyseat Mill,Virtual Keyseat Mill,"CORRECTED in this revision: the row pattern has 18 diameter positions, not 17. Diameter 6.000mm (distinct from 6.350mm, sharing identical feed/cost/teeth values with it) was missed in the prior delivery. Materials 1.0 through 20.32 delivered in the previous file were built on the incomplete 17-position schema and have NOT been re-verified against source screenshots in this session -- treat that earlier data as unreliable until re-checked.",mm,mm,m/min,mm/rev,mm,min,USD,15,0.5,Groove Milling,2.1
tblKeyseatMill,Keyseat Mill,Virtual Keyseat Mill,"CORRECTED in this revision: the row pattern has 18 diameter positions, not 17. Diameter 6.000mm (distinct from 6.350mm, sharing identical feed/cost/teeth values with it) was missed in the prior delivery. Materials 1.0 through 20.32 delivered in the previous file were built on the incomplete 17-position schema and have NOT been re-verified against source screenshots in this session -- treat that earlier data as unreliable until re-checked.",mm,mm,m/min,mm/rev,mm,min,USD,15,0.5,Groove Milling,2.12
tblKeyseatMill,Keyseat Mill,Virtual Keyseat Mill,"CORRECTED in this revision: the row pattern has 18 diameter positions, not 17. Diameter 6.000mm (distinct from 6.350mm, sharing identical feed/cost/teeth values with it) was missed in the prior delivery. Materials 1.0 through 20.32 delivered in the previous file were built on the incomplete 17-position schema and have NOT been re-verified against source screenshots in this session -- treat that earlier data as unreliable until re-checked.",mm,mm,m/min,mm/rev,mm,min,USD,15,0.5,Groove Milling,2.2
tblKeyseatMill,Keyseat Mill,Virtual Keyseat Mill,"CORRECTED in this revision: the row pattern has 18 diameter positions, not 17. Diameter 6.000mm (distinct from 6.350mm, sharing identical feed/cost/teeth values with it) was missed in the prior delivery. Materials 1.0 through 20.32 delivered in the previous file were built on the incomplete 17-position schema and have NOT been re-verified against source screenshots in this session -- treat that earlier data as unreliable until re-checked.",mm,mm,m/min,mm/rev,mm,min,USD,15,0.5,Groove Milling,20.11
tblKeyseatMill,Keyseat Mill,Virtual Keyseat Mill,"CORRECTED in this revision: the row pattern has 18 diameter positions, not 17. Diameter 6.000mm (distinct from 6.350mm, sharing identical feed/cost/teeth values with it) was missed in the prior delivery. Materials 1.0 through 20.32 delivered in the previous file were built on the incomplete 17-position schema and have NOT been re-verified against source screenshots in this session -- treat that earlier data as unreliable until re-checked.",mm,mm,m/min,mm/rev,mm,min,USD,15,0.5,Groove Milling,20.12
tblKeyseatMill,Keyseat Mill,Virtual Keyseat Mill,"CORRECTED in this revision: the row pattern has 18 diameter positions, not 17. Diameter 6.000mm (distinct from 6.350mm, sharing identical feed/cost/teeth values with it) was missed in the prior delivery. Materials 1.0 through 20.32 delivered in the previous file were built on the incomplete 17-position schema and have NOT been re-verified against source screenshots in this session -- treat that earlier data as unreliable until re-checked.",mm,mm,m/min,mm/rev,mm,min,USD,15,0.5,Groove Milling,20.21
tblKeyseatMill,Keyseat Mill,Virtual Keyseat Mill,"CORRECTED in this revision: the row pattern has 18 diameter positions, not 17. Diameter 6.000mm (distinct from 6.350mm, sharing identical feed/cost/teeth values with it) was missed in the prior delivery. Materials 1.0 through 20.32 delivered in the previous file were built on the incomplete 17-position schema and have NOT been re-verified against source screenshots in this session -- treat that earlier data as unreliable until re-checked.",mm,mm,m/min,mm/rev,mm,min,USD,15,0.5,Groove Milling,20.22
tblKeyseatMill,Keyseat Mill,Virtual Keyseat Mill,"CORRECTED in this revision: the row pattern has 18 diameter positions, not 17. Diameter 6.000mm (distinct from 6.350mm, sharing identical feed/cost/teeth values with it) was missed in the prior delivery. Materials 1.0 through 20.32 delivered in the previous file were built on the incomplete 17-position schema and have NOT been re-verified against source screenshots in this session -- treat that earlier data as unreliable until re-checked.",mm,mm,m/min,mm/rev,mm,min,USD,15,0.5,Groove Milling,20.23
tblKeyseatMill,Keyseat Mill,Virtual Keyseat Mill,"CORRECTED in this revision: the row pattern has 18 diameter positions, not 17. Diameter 6.000mm (distinct from 6.350mm, sharing identical feed/cost/teeth values with it) was missed in the prior delivery. Materials 1.0 through 20.32 delivered in the previous file were built on the incomplete 17-position schema and have NOT been re-verified against source screenshots in this session -- treat that earlier data as unreliable until re-checked.",mm,mm,m/min,mm/rev,mm,min,USD,15,0.5,Groove Milling,20.24
tblKeyseatMill,Keyseat Mill,Virtual Keyseat Mill,"CORRECTED in this revision: the row pattern has 18 diameter positions, not 17. Diameter 6.000mm (distinct from 6.350mm, sharing identical feed/cost/teeth values with it) was missed in the prior delivery. Materials 1.0 through 20.32 delivered in the previous file were built on the incomplete 17-position schema and have NOT been re-verified against source screenshots in this session -- treat that earlier data as unreliable until re-checked.",mm,mm,m/min,mm/rev,mm,min,USD,15,0.5,Groove Milling,20.31
tblKeyseatMill,Keyseat Mill,Virtual Keyseat Mill,"CORRECTED in this revision: the row pattern has 18 diameter positions, not 17. Diameter 6.000mm (distinct from 6.350mm, sharing identical feed/cost/teeth values with it) was missed in the prior delivery. Materials 1.0 through 20.32 delivered in the previous file were built on the incomplete 17-position schema and have NOT been re-verified against source screenshots in this session -- treat that earlier data as unreliable until re-checked.",mm,mm,m/min,mm/rev,mm,min,USD,15,0.5,Groove Milling,20.32
