ToolType,ToolSeries,MaterialCutCodeName,Hardness,HardnessSystem,WidthAcrossFlatsMm,DepthMaxMm,RPM,FeedMmPerRev,ToolLifeMin,ToolLifeCostUSD,Construction
Rotary Broach,"Virtual Rotary Broach, HSS",1.0,125.0,Brinell,0.1,0.83,859.6,0.08,25.0,30.0,Solid
Rotary Broach,"Virtual Rotary Broach, HSS",1.0,125.0,Brinell,20.0,70.38,859.6,0.08,25.0,60.0,Solid
Rotary Broach,"Virtual Rotary Broach, HSS",1.1,125.0,Brinell,0.1,0.83,800.0,0.08,25.0,30.0,Solid
Rotary Broach,"Virtual Rotary Broach, HSS",1.1,125.0,Brinell,20.0,70.38,800.0,0.08,25.0,60.0,Solid
Rotary Broach,"Virtual Rotary Broach, HSS",1.2,150.0,Brinell,0.1,0.83,681.8,0.14,25.0,30.0,Solid
Rotary Broach,"Virtual Rotary Broach, HSS",1.2,150.0,Brinell,20.0,70.38,681.8,0.14,25.0,60.0,Solid
Rotary Broach,"Virtual Rotary Broach, HSS",1.3,170.0,Brinell,0.1,0.83,622.2,0.14,25.0,30.0,Solid
Rotary Broach,"Virtual Rotary Broach, HSS",1.3,170.0,Brinell,20.0,70.38,622.2,0.14,25.0,60.0,Solid
Rotary Broach,"Virtual Rotary Broach, HSS",1.4,210.0,Brinell,0.1,0.83,622.2,0.14,25.0,30.0,Solid
Rotary Broach,"Virtual Rotary Broach, HSS",1.4,210.0,Brinell,20.0,70.38,622.2,0.14,25.0,60.0,Solid
Rotary Broach,"Virtual Rotary Broach, HSS",1.5,300.0,Brinell,0.1,0.83,504.0,0.14,25.0,30.0,Solid
Rotary Broach,"Virtual Rotary Broach, HSS",1.5,300.0,Brinell,20.0,70.38,504.0,0.14,25.0,60.0,Solid
Rotary Broach,"Virtual Rotary Broach, HSS",10.0,400.0,Brinell,0.1,0.83,333.3,0.1304,25.0,30.0,Solid
Rotary Broach,"Virtual Rotary Broach, HSS",10.0,400.0,Brinell,20.0,70.38,333.3,0.1304,25.0,60.0,Solid
Rotary Broach,"Virtual Rotary Broach, HSS",10.1,400.0,Brinell,0.1,0.83,158.2,0.1304,25.0,30.0,Solid
Rotary Broach,"Virtual Rotary Broach, HSS",10.1,400.0,Brinell,20.0,70.38,158.2,0.1304,25.0,60.0,Solid
Rotary Broach,"Virtual Rotary Broach, HSS",15.11,200.0,Brinell,0.1,0.83,803.6,0.075,25.0,30.0,Solid
Rotary Broach,"Virtual Rotary Broach, HSS",15.11,200.0,Brinell,20.0,70.38,803.6,0.075,25.0,60.0,Solid
Rotary Broach,"Virtual Rotary Broach, HSS",15.12,330.0,Brinell,0.1,0.83,579.1,0.075,25.0,30.0,Solid
Rotary Broach,"Virtual Rotary Broach, HSS",15.12,330.0,Brinell,20.0,70.38,579.1,0.075,25.0,60.0,Solid
Rotary Broach,"Virtual Rotary Broach, HSS",15.13,330.0,Brinell,0.1,0.83,602.7,0.075,25.0,30.0,Solid
Rotary Broach,"Virtual Rotary Broach, HSS",15.13,330.0,Brinell,20.0,70.38,602.7,0.075,25.0,60.0,Solid
Rotary Broach,"Virtual Rotary Broach, HSS",15.21,200.0,Brinell,0.1,0.83,481.9,0.06429,25.0,30.0,Solid
Rotary Broach,"Virtual Rotary Broach, HSS",15.21,200.0,Brinell,20.0,70.38,481.9,0.06429,25.0,60.0,Solid
Rotary Broach,"Virtual Rotary Broach, HSS",15.22,330.0,Brinell,0.1,0.83,437.3,0.06429,25.0,30.0,Solid
Rotary Broach,"Virtual Rotary Broach, HSS",15.22,330.0,Brinell,20.0,70.38,437.3,0.06429,25.0,60.0,Solid
Rotary Broach,"Virtual Rotary Broach, HSS",15.23,330.0,Brinell,0.1,0.83,437.3,0.06429,25.0,30.0,Solid
Rotary Broach,"Virtual Rotary Broach, HSS",15.23,330.0,Brinell,20.0,70.38,437.3,0.06429,25.0,60.0,Solid
Rotary Broach,"Virtual Rotary Broach, HSS",15.51,230.0,Brinell,0.1,0.83,697.3,0.02657,25.0,30.0,Solid
Rotary Broach,"Virtual Rotary Broach, HSS",15.51,230.0,Brinell,20.0,70.38,697.3,0.02657,25.0,60.0,Solid
Rotary Broach,"Virtual Rotary Broach, HSS",15.52,260.0,Brinell,0.1,0.83,699.9,0.02657,25.0,30.0,Solid
Rotary Broach,"Virtual Rotary Broach, HSS",15.52,260.0,Brinell,20.0,70.38,699.9,0.02657,25.0,60.0,Solid
Rotary Broach,"Virtual Rotary Broach, HSS",2.1,180.0,Brinell,0.1,0.83,651.6,0.12,25.0,30.0,Solid
Rotary Broach,"Virtual Rotary Broach, HSS",2.1,180.0,Brinell,20.0,70.38,651.6,0.12,25.0,60.0,Solid
Rotary Broach,"Virtual Rotary Broach, HSS",2.12,210.0,Brinell,0.1,0.83,622.2,0.12,25.0,30.0,Solid
Rotary Broach,"Virtual Rotary Broach, HSS",2.12,210.0,Brinell,20.0,70.38,622.2,0.12,25.0,60.0,Solid
Rotary Broach,"Virtual Rotary Broach, HSS",2.2,330.0,Brinell,0.1,0.83,504.0,0.14,25.0,30.0,Solid
Rotary Broach,"Virtual Rotary Broach, HSS",2.2,330.0,Brinell,20.0,70.38,504.0,0.14,25.0,60.0,Solid
Rotary Broach,"Virtual Rotary Broach, HSS",20.11,200.0,Brinell,0.1,0.83,323.4,0.04294,25.0,30.0,Solid
Rotary Broach,"Virtual Rotary Broach, HSS",20.11,200.0,Brinell,20.0,70.38,323.4,0.04294,25.0,60.0,Solid
Rotary Broach,"Virtual Rotary Broach, HSS",20.12,280.0,Brinell,0.1,0.83,380.2,0.04294,25.0,30.0,Solid
Rotary Broach,"Virtual Rotary Broach, HSS",20.12,280.0,Brinell,20.0,70.38,380.2,0.04294,25.0,60.0,Solid
Rotary Broach,"Virtual Rotary Broach, HSS",20.21,250.0,Brinell,0.1,0.83,500.0,0.038,25.0,30.0,Solid
Rotary Broach,"Virtual Rotary Broach, HSS",20.21,250.0,Brinell,20.0,70.38,500.0,0.038,25.0,60.0,Solid
Rotary Broach,"Virtual Rotary Broach, HSS",20.22,350.0,Brinell,0.1,0.83,500.0,0.038,25.0,30.0,Solid
Rotary Broach,"Virtual Rotary Broach, HSS",20.22,350.0,Brinell,20.0,70.38,500.0,0.038,25.0,60.0,Solid
Rotary Broach,"Virtual Rotary Broach, HSS",20.23,275.0,Brinell,0.1,0.83,500.0,0.038,25.0,30.0,Solid
Rotary Broach,"Virtual Rotary Broach, HSS",20.23,275.0,Brinell,20.0,70.38,500.0,0.038,25.0,60.0,Solid
Rotary Broach,"Virtual Rotary Broach, HSS",20.24,320.0,Brinell,0.1,0.83,500.0,0.038,25.0,30.0,Solid
Rotary Broach,"Virtual Rotary Broach, HSS",20.24,320.0,Brinell,20.0,70.38,500.0,0.038,25.0,60.0,Solid
Rotary Broach,"Virtual Rotary Broach, HSS",20.31,200.0,Brinell,0.1,0.83,323.4,0.04294,25.0,30.0,Solid
Rotary Broach,"Virtual Rotary Broach, HSS",20.31,200.0,Brinell,20.0,70.38,323.4,0.04294,25.0,60.0,Solid
Rotary Broach,"Virtual Rotary Broach, HSS",20.32,300.0,Brinell,0.1,0.83,113.8,0.0475,25.0,30.0,Solid
Rotary Broach,"Virtual Rotary Broach, HSS",20.32,300.0,Brinell,20.0,70.38,113.8,0.0475,25.0,60.0,Solid
Rotary Broach,"Virtual Rotary Broach, HSS",20.33,320.0,Brinell,0.1,0.83,50.9,0.04826,25.0,30.0,Solid
Rotary Broach,"Virtual Rotary Broach, HSS",20.33,320.0,Brinell,20.0,70.38,50.9,0.04826,25.0,60.0,Solid
Rotary Broach,"Virtual Rotary Broach, HSS",23.1,400.0,Brinell,0.1,0.83,808.4,0.0665,25.0,30.0,Solid
Rotary Broach,"Virtual Rotary Broach, HSS",23.1,400.0,Brinell,20.0,70.38,808.4,0.0665,25.0,60.0,Solid
Rotary Broach,"Virtual Rotary Broach, HSS",23.21,950.0,Tensile Strength,0.1,0.83,600.0,0.04,25.0,30.0,Solid
Rotary Broach,"Virtual Rotary Broach, HSS",23.21,950.0,Tensile Strength,20.0,70.38,600.0,0.04,25.0,60.0,Solid
Rotary Broach,"Virtual Rotary Broach, HSS",23.22,1050.0,Tensile Strength,0.1,0.83,600.0,0.04,25.0,30.0,Solid
Rotary Broach,"Virtual Rotary Broach, HSS",23.22,1050.0,Tensile Strength,20.0,70.38,600.0,0.04,25.0,60.0,Solid
Rotary Broach,"Virtual Rotary Broach, HSS",3.1,200.0,Brinell,0.1,0.83,847.1,0.14,25.0,30.0,Solid
Rotary Broach,"Virtual Rotary Broach, HSS",3.1,200.0,Brinell,20.0,70.38,847.1,0.14,25.0,60.0,Solid
Rotary Broach,"Virtual Rotary Broach, HSS",3.11,200.0,Brinell,0.1,0.83,533.3,0.14,25.0,30.0,Solid
Rotary Broach,"Virtual Rotary Broach, HSS",3.11,200.0,Brinell,20.0,70.38,533.3,0.14,25.0,60.0,Solid
Rotary Broach,"Virtual Rotary Broach, HSS",3.13,200.0,Brinell,0.1,0.83,281.8,0.1104,25.0,30.0,Solid
Rotary Broach,"Virtual Rotary Broach, HSS",3.13,200.0,Brinell,20.0,70.38,281.8,0.1104,25.0,60.0,Solid
Rotary Broach,"Virtual Rotary Broach, HSS",3.2,225.0,Brinell,0.1,0.83,564.4,0.12,25.0,30.0,Solid
Rotary Broach,"Virtual Rotary Broach, HSS",3.2,225.0,Brinell,20.0,70.38,564.4,0.12,25.0,60.0,Solid
Rotary Broach,"Virtual Rotary Broach, HSS",3.21,300.0,Brinell,0.1,0.83,384.9,0.12,25.0,30.0,Solid
Rotary Broach,"Virtual Rotary Broach, HSS",3.21,300.0,Brinell,20.0,70.38,384.9,0.12,25.0,60.0,Solid
Rotary Broach,"Virtual Rotary Broach, HSS",3.22,380.0,Brinell,0.1,0.83,244.4,0.2,25.0,30.0,Solid
Rotary Broach,"Virtual Rotary Broach, HSS",3.22,380.0,Brinell,20.0,70.38,244.4,0.2,25.0,60.0,Solid
Rotary Broach,"Virtual Rotary Broach, HSS",30.11,60.0,Brinell,0.1,0.83,1000.0,0.09,25.0,30.0,Solid
Rotary Broach,"Virtual Rotary Broach, HSS",30.11,60.0,Brinell,20.0,70.38,1000.0,0.09,25.0,60.0,Solid
Rotary Broach,"Virtual Rotary Broach, HSS",30.12,100.0,Brinell,0.1,0.83,856.9,0.09,25.0,30.0,Solid
Rotary Broach,"Virtual Rotary Broach, HSS",30.12,100.0,Brinell,20.0,70.38,856.9,0.09,25.0,60.0,Solid
Rotary Broach,"Virtual Rotary Broach, HSS",30.21,75.0,Brinell,0.1,0.83,856.9,0.09,25.0,30.0,Solid
Rotary Broach,"Virtual Rotary Broach, HSS",30.21,75.0,Brinell,20.0,70.38,856.9,0.09,25.0,60.0,Solid
Rotary Broach,"Virtual Rotary Broach, HSS",30.22,90.0,Brinell,0.1,0.83,856.9,0.09,25.0,30.0,Solid
Rotary Broach,"Virtual Rotary Broach, HSS",30.22,90.0,Brinell,20.0,70.38,856.9,0.09,25.0,60.0,Solid
Rotary Broach,"Virtual Rotary Broach, HSS",30.3,30.0,Brinell,0.1,0.83,1804.6,0.28125,25.0,30.0,Solid
Rotary Broach,"Virtual Rotary Broach, HSS",30.3,30.0,Brinell,20.0,70.38,1804.6,0.28125,25.0,60.0,Solid
Rotary Broach,"Virtual Rotary Broach, HSS",30.41,130.0,Brinell,0.1,0.83,724.9,0.225,25.0,30.0,Solid
Rotary Broach,"Virtual Rotary Broach, HSS",30.41,130.0,Brinell,20.0,70.38,724.9,0.225,25.0,60.0,Solid
Rotary Broach,"Virtual Rotary Broach, HSS",30.42,130.0,Brinell,0.1,0.83,539.8,0.225,25.0,30.0,Solid
Rotary Broach,"Virtual Rotary Broach, HSS",30.42,130.0,Brinell,20.0,70.38,539.8,0.225,25.0,60.0,Solid
Rotary Broach,"Virtual Rotary Broach, HSS",33.1,110.0,Brinell,0.1,0.83,856.9,0.09,25.0,30.0,Solid
Rotary Broach,"Virtual Rotary Broach, HSS",33.1,110.0,Brinell,20.0,70.38,856.9,0.09,25.0,60.0,Solid
Rotary Broach,"Virtual Rotary Broach, HSS",33.2,90.0,Brinell,0.1,0.83,657.2,0.09,25.0,30.0,Solid
Rotary Broach,"Virtual Rotary Broach, HSS",33.2,90.0,Brinell,20.0,70.38,657.2,0.09,25.0,60.0,Solid
Rotary Broach,"Virtual Rotary Broach, HSS",33.3,100.0,Brinell,0.1,0.83,624.7,0.09,25.0,30.0,Solid
Rotary Broach,"Virtual Rotary Broach, HSS",33.3,100.0,Brinell,20.0,70.38,624.7,0.09,25.0,60.0,Solid
Rotary Broach,"Virtual Rotary Broach, HSS",34.0,515.0,Brinell,0.1,0.83,2500.0,0.08,25.0,30.0,Solid
Rotary Broach,"Virtual Rotary Broach, HSS",34.0,515.0,Brinell,20.0,70.38,2500.0,0.08,25.0,60.0,Solid
Rotary Broach,"Virtual Rotary Broach, HSS",4.0,55.0,Brinell,0.1,0.83,333.3,0.1504,25.0,30.0,Solid
Rotary Broach,"Virtual Rotary Broach, HSS",4.0,55.0,Brinell,20.0,70.38,333.3,0.1504,25.0,60.0,Solid
Rotary Broach,"Virtual Rotary Broach, HSS",4.1,59.0,Brinell,0.1,0.83,188.4,0.1504,25.0,30.0,Solid
Rotary Broach,"Virtual Rotary Broach, HSS",4.1,59.0,Brinell,20.0,70.38,188.4,0.1504,25.0,60.0,Solid
Rotary Broach,"Virtual Rotary Broach, HSS",41.11,30.0,Brinell,0.1,0.83,2000.0,0.05,25.0,30.0,Solid
Rotary Broach,"Virtual Rotary Broach, HSS",41.11,30.0,Brinell,20.0,70.38,2000.0,0.05,25.0,60.0,Solid
Rotary Broach,"Virtual Rotary Broach, HSS",41.21,30.0,Brinell,0.1,0.83,2250.0,0.05,25.0,30.0,Solid
Rotary Broach,"Virtual Rotary Broach, HSS",41.21,30.0,Brinell,20.0,70.38,2250.0,0.05,25.0,60.0,Solid
Rotary Broach,"Virtual Rotary Broach, HSS",42.11,30.0,Brinell,0.1,0.83,1750.0,0.075,25.0,30.0,Solid
Rotary Broach,"Virtual Rotary Broach, HSS",42.11,30.0,Brinell,20.0,70.38,1750.0,0.075,25.0,60.0,Solid
Rotary Broach,"Virtual Rotary Broach, HSS",42.12,30.0,Brinell,0.1,0.83,2250.0,0.05,25.0,30.0,Solid
Rotary Broach,"Virtual Rotary Broach, HSS",42.12,30.0,Brinell,20.0,70.38,2250.0,0.05,25.0,60.0,Solid
Rotary Broach,"Virtual Rotary Broach, HSS",42.13,30.0,Brinell,0.1,0.83,2250.0,0.05,25.0,30.0,Solid
Rotary Broach,"Virtual Rotary Broach, HSS",42.13,30.0,Brinell,20.0,70.38,2250.0,0.05,25.0,60.0,Solid
Rotary Broach,"Virtual Rotary Broach, HSS",5.1,200.0,Brinell,0.1,0.83,544.9,0.075,25.0,30.0,Solid
Rotary Broach,"Virtual Rotary Broach, HSS",5.1,200.0,Brinell,20.0,70.38,544.9,0.075,25.0,60.0,Solid
Rotary Broach,"Virtual Rotary Broach, HSS",5.11,200.0,Brinell,0.1,0.83,650.0,0.075,25.0,30.0,Solid
Rotary Broach,"Virtual Rotary Broach, HSS",5.11,200.0,Brinell,20.0,70.38,650.0,0.075,25.0,60.0,Solid
Rotary Broach,"Virtual Rotary Broach, HSS",5.12,330.0,Brinell,0.1,0.83,640.8,0.075,25.0,30.0,Solid
Rotary Broach,"Virtual Rotary Broach, HSS",5.12,330.0,Brinell,20.0,70.38,640.8,0.075,25.0,60.0,Solid
Rotary Broach,"Virtual Rotary Broach, HSS",5.13,330.0,Brinell,0.1,0.83,685.5,0.075,25.0,30.0,Solid
Rotary Broach,"Virtual Rotary Broach, HSS",5.13,330.0,Brinell,20.0,70.38,685.5,0.075,25.0,60.0,Solid
Rotary Broach,"Virtual Rotary Broach, HSS",5.2,175.0,Brinell,0.1,0.83,973.0,0.075,25.0,30.0,Solid
Rotary Broach,"Virtual Rotary Broach, HSS",5.2,175.0,Brinell,20.0,70.38,973.0,0.075,25.0,60.0,Solid
Rotary Broach,"Virtual Rotary Broach, HSS",5.21,200.0,Brinell,0.1,0.83,656.6,0.06429,25.0,30.0,Solid
Rotary Broach,"Virtual Rotary Broach, HSS",5.21,200.0,Brinell,20.0,70.38,656.6,0.06429,25.0,60.0,Solid
Rotary Broach,"Virtual Rotary Broach, HSS",5.22,330.0,Brinell,0.1,0.83,566.0,0.06429,25.0,30.0,Solid
Rotary Broach,"Virtual Rotary Broach, HSS",5.22,330.0,Brinell,20.0,70.38,566.0,0.06429,25.0,60.0,Solid
Rotary Broach,"Virtual Rotary Broach, HSS",5.23,200.0,Brinell,0.1,0.83,472.7,0.06429,25.0,30.0,Solid
Rotary Broach,"Virtual Rotary Broach, HSS",5.23,200.0,Brinell,20.0,70.38,472.7,0.06429,25.0,60.0,Solid
Rotary Broach,"Virtual Rotary Broach, HSS",5.51,230.0,Brinell,0.1,0.83,481.9,0.06429,25.0,30.0,Solid
Rotary Broach,"Virtual Rotary Broach, HSS",5.51,230.0,Brinell,20.0,70.38,481.9,0.06429,25.0,60.0,Solid
Rotary Broach,"Virtual Rotary Broach, HSS",5.52,260.0,Brinell,0.1,0.83,481.9,0.06429,25.0,30.0,Solid
Rotary Broach,"Virtual Rotary Broach, HSS",5.52,260.0,Brinell,20.0,70.38,481.9,0.06429,25.0,60.0,Solid
Rotary Broach,"Virtual Rotary Broach, HSS",51.21,30.0,Brinell,0.1,0.83,4083.3,0.075,25.0,30.0,Solid
Rotary Broach,"Virtual Rotary Broach, HSS",51.21,30.0,Brinell,20.0,70.38,4083.3,0.075,25.0,60.0,Solid
Rotary Broach,"Virtual Rotary Broach, HSS",51.22,30.0,Brinell,0.1,0.83,4083.3,0.075,25.0,30.0,Solid
Rotary Broach,"Virtual Rotary Broach, HSS",51.22,30.0,Brinell,20.0,70.38,4083.3,0.075,25.0,60.0,Solid
Rotary Broach,"Virtual Rotary Broach, HSS",51.31,30.0,Brinell,0.1,0.83,5083.3,0.075,25.0,30.0,Solid
Rotary Broach,"Virtual Rotary Broach, HSS",51.31,30.0,Brinell,20.0,70.38,5083.3,0.075,25.0,60.0,Solid
Rotary Broach,"Virtual Rotary Broach, HSS",51.32,30.0,Brinell,0.1,0.83,5083.3,0.075,25.0,30.0,Solid
Rotary Broach,"Virtual Rotary Broach, HSS",51.32,30.0,Brinell,20.0,70.38,5083.3,0.075,25.0,60.0,Solid
Rotary Broach,"Virtual Rotary Broach, HSS",52.11,30.0,Brinell,0.1,0.83,2250.0,0.075,25.0,30.0,Solid
Rotary Broach,"Virtual Rotary Broach, HSS",52.11,30.0,Brinell,20.0,70.38,2250.0,0.075,25.0,60.0,Solid
Rotary Broach,"Virtual Rotary Broach, HSS",52.12,30.0,Brinell,0.1,0.83,2833.3,0.075,25.0,30.0,Solid
Rotary Broach,"Virtual Rotary Broach, HSS",52.12,30.0,Brinell,20.0,70.38,2833.3,0.075,25.0,60.0,Solid
Rotary Broach,"Virtual Rotary Broach, HSS",52.13,30.0,Brinell,0.1,0.83,2833.3,0.075,25.0,30.0,Solid
Rotary Broach,"Virtual Rotary Broach, HSS",52.13,30.0,Brinell,20.0,70.38,2833.3,0.075,25.0,60.0,Solid
Rotary Broach,"Virtual Rotary Broach, HSS",52.14,30.0,Brinell,0.1,0.83,2833.3,0.05,25.0,30.0,Solid
Rotary Broach,"Virtual Rotary Broach, HSS",52.14,30.0,Brinell,20.0,70.38,2833.3,0.05,25.0,60.0,Solid
Rotary Broach,"Virtual Rotary Broach, HSS",52.15,30.0,Brinell,0.1,0.83,3833.3,0.075,25.0,30.0,Solid
Rotary Broach,"Virtual Rotary Broach, HSS",52.15,30.0,Brinell,20.0,70.38,3833.3,0.075,25.0,60.0,Solid
Rotary Broach,"Virtual Rotary Broach, HSS",52.21,30.0,Brinell,0.1,0.83,3833.3,0.075,25.0,30.0,Solid
Rotary Broach,"Virtual Rotary Broach, HSS",52.21,30.0,Brinell,20.0,70.38,3833.3,0.075,25.0,60.0,Solid
Rotary Broach,"Virtual Rotary Broach, HSS",52.31,30.0,Brinell,0.1,0.83,5083.3,0.075,25.0,30.0,Solid
Rotary Broach,"Virtual Rotary Broach, HSS",52.31,30.0,Brinell,20.0,70.38,5083.3,0.075,25.0,60.0,Solid
Rotary Broach,"Virtual Rotary Broach, HSS",52.32,30.0,Brinell,0.1,0.83,5083.3,0.075,25.0,30.0,Solid
Rotary Broach,"Virtual Rotary Broach, HSS",52.32,30.0,Brinell,20.0,70.38,5083.3,0.075,25.0,60.0,Solid
Rotary Broach,"Virtual Rotary Broach, HSS",6.1,150.0,Brinell,0.1,0.83,592.9,0.08,25.0,30.0,Solid
Rotary Broach,"Virtual Rotary Broach, HSS",6.1,150.0,Brinell,20.0,70.38,592.9,0.08,25.0,60.0,Solid
Rotary Broach,"Virtual Rotary Broach, HSS",6.2,200.0,Brinell,0.1,0.83,473.8,0.12,25.0,30.0,Solid
Rotary Broach,"Virtual Rotary Broach, HSS",6.2,200.0,Brinell,20.0,70.38,473.8,0.12,25.0,60.0,Solid
Rotary Broach,"Virtual Rotary Broach, HSS",6.3,200.0,Brinell,0.1,0.83,336.0,0.1104,25.0,30.0,Solid
Rotary Broach,"Virtual Rotary Broach, HSS",6.3,200.0,Brinell,20.0,70.38,336.0,0.1104,25.0,60.0,Solid
Rotary Broach,"Virtual Rotary Broach, HSS",6.32,200.0,Brinell,0.1,0.83,328.3,0.05914,25.0,30.0,Solid
Rotary Broach,"Virtual Rotary Broach, HSS",6.32,200.0,Brinell,20.0,70.38,328.3,0.05914,25.0,60.0,Solid
Rotary Broach,"Virtual Rotary Broach, HSS",6.33,250.0,Brinell,0.1,0.83,177.8,0.1104,25.0,30.0,Solid
Rotary Broach,"Virtual Rotary Broach, HSS",6.33,250.0,Brinell,20.0,70.38,177.8,0.1104,25.0,60.0,Solid
Rotary Broach,"Virtual Rotary Broach, HSS",60.0,16.0,Brinell,0.1,0.83,2500.0,0.1,25.0,30.0,Solid
Rotary Broach,"Virtual Rotary Broach, HSS",60.0,16.0,Brinell,20.0,70.38,2500.0,0.1,25.0,60.0,Solid
Rotary Broach,"Virtual Rotary Broach, HSS",7.1,130.0,Brinell,0.1,0.83,504.0,0.18,25.0,30.0,Solid
Rotary Broach,"Virtual Rotary Broach, HSS",7.1,130.0,Brinell,20.0,70.38,504.0,0.18,25.0,60.0,Solid
Rotary Broach,"Virtual Rotary Broach, HSS",7.2,230.0,Brinell,0.1,0.83,415.1,0.14,25.0,30.0,Solid
Rotary Broach,"Virtual Rotary Broach, HSS",7.2,230.0,Brinell,20.0,70.38,415.1,0.14,25.0,60.0,Solid
Rotary Broach,"Virtual Rotary Broach, HSS",7.3,250.0,Brinell,0.1,0.83,400.0,0.1,25.0,30.0,Solid
Rotary Broach,"Virtual Rotary Broach, HSS",7.3,250.0,Brinell,20.0,70.38,400.0,0.1,25.0,60.0,Solid
Rotary Broach,"Virtual Rotary Broach, HSS",8.1,180.0,Brinell,0.1,0.83,740.4,0.18,25.0,30.0,Solid
Rotary Broach,"Virtual Rotary Broach, HSS",8.1,180.0,Brinell,20.0,70.38,740.4,0.18,25.0,60.0,Solid
Rotary Broach,"Virtual Rotary Broach, HSS",8.2,220.0,Brinell,0.1,0.83,504.0,0.14,25.0,30.0,Solid
Rotary Broach,"Virtual Rotary Broach, HSS",8.2,220.0,Brinell,20.0,70.38,504.0,0.14,25.0,60.0,Solid
Rotary Broach,"Virtual Rotary Broach, HSS",8.3,175.0,Brinell,0.1,0.83,577.8,0.1,25.0,30.0,Solid
Rotary Broach,"Virtual Rotary Broach, HSS",8.3,175.0,Brinell,20.0,70.38,577.8,0.1,25.0,60.0,Solid
Rotary Broach,"Virtual Rotary Broach, HSS",9.1,160.0,Brinell,0.1,0.83,460.3,0.14,25.0,30.0,Solid
Rotary Broach,"Virtual Rotary Broach, HSS",9.1,160.0,Brinell,20.0,70.38,460.3,0.14,25.0,60.0,Solid
Rotary Broach,"Virtual Rotary Broach, HSS",9.2,250.0,Brinell,0.1,0.83,444.4,0.14,25.0,30.0,Solid
Rotary Broach,"Virtual Rotary Broach, HSS",9.2,250.0,Brinell,20.0,70.38,444.4,0.14,25.0,60.0,Solid
Rotary Broach,"Virtual Rotary Broach, HSS",9.3,330.0,Brinell,0.1,0.83,333.3,0.1,25.0,30.0,Solid
Rotary Broach,"Virtual Rotary Broach, HSS",9.3,330.0,Brinell,20.0,70.38,333.3,0.1,25.0,60.0,Solid
