ToolType,ToolSeries,MaterialCutCodeName,Hardness,HardnessSystem,LinearSpeedMmPerS,ToolLifeMin,ToolLifeCostUSD
Corner Rounding Mill,Virtual Corner Rounding Mill,1.0,125.0,Brinell,5.4,15.0,6.0
Corner Rounding Mill,Virtual Corner Rounding Mill,1.1,125.0,Brinell,5.0,15.0,6.0
Corner Rounding Mill,Virtual Corner Rounding Mill,1.2,150.0,Brinell,4.3,15.0,6.0
Corner Rounding Mill,Virtual Corner Rounding Mill,1.3,170.0,Brinell,3.9,15.0,6.0
Corner Rounding Mill,Virtual Corner Rounding Mill,1.4,210.0,Brinell,3.9,15.0,6.0
Corner Rounding Mill,Virtual Corner Rounding Mill,1.5,300.0,Brinell,3.2,15.0,6.0
Corner Rounding Mill,Virtual Corner Rounding Mill,10.0,400.0,Brinell,2.1,15.0,6.0
Corner Rounding Mill,Virtual Corner Rounding Mill,10.1,400.0,Brinell,1.0,15.0,6.0
Corner Rounding Mill,Virtual Corner Rounding Mill,15.11,200.0,Brinell,3.5,15.0,6.0
Corner Rounding Mill,Virtual Corner Rounding Mill,15.12,330.0,Brinell,2.5,15.0,6.0
Corner Rounding Mill,Virtual Corner Rounding Mill,15.13,330.0,Brinell,2.6,15.0,6.0
Corner Rounding Mill,Virtual Corner Rounding Mill,15.21,200.0,Brinell,2.1,15.0,6.0
Corner Rounding Mill,Virtual Corner Rounding Mill,15.22,330.0,Brinell,1.9,15.0,6.0
Corner Rounding Mill,Virtual Corner Rounding Mill,15.23,330.0,Brinell,1.9,15.0,6.0
Corner Rounding Mill,Virtual Corner Rounding Mill,15.51,230.0,Brinell,3.0,15.0,6.0
Corner Rounding Mill,Virtual Corner Rounding Mill,15.52,260.0,Brinell,3.0,15.0,6.0
Corner Rounding Mill,Virtual Corner Rounding Mill,2.1,180.0,Brinell,4.1,15.0,6.0
Corner Rounding Mill,Virtual Corner Rounding Mill,2.12,210.0,Brinell,3.9,15.0,6.0
Corner Rounding Mill,Virtual Corner Rounding Mill,2.2,330.0,Brinell,3.2,15.0,6.0
Corner Rounding Mill,Virtual Corner Rounding Mill,20.11,200.0,Brinell,0.6,15.0,6.0
Corner Rounding Mill,Virtual Corner Rounding Mill,20.12,280.0,Brinell,0.7,15.0,6.0
Corner Rounding Mill,Virtual Corner Rounding Mill,20.21,250.0,Brinell,0.9,15.0,6.0
Corner Rounding Mill,Virtual Corner Rounding Mill,20.22,350.0,Brinell,0.9,15.0,6.0
Corner Rounding Mill,Virtual Corner Rounding Mill,20.23,275.0,Brinell,0.9,15.0,6.0
Corner Rounding Mill,Virtual Corner Rounding Mill,20.24,320.0,Brinell,0.9,15.0,6.0
Corner Rounding Mill,Virtual Corner Rounding Mill,20.31,200.0,Brinell,0.6,15.0,6.0
Corner Rounding Mill,Virtual Corner Rounding Mill,20.32,300.0,Brinell,0.2,15.0,6.0
Corner Rounding Mill,Virtual Corner Rounding Mill,20.33,320.0,Brinell,0.1,15.0,6.0
Corner Rounding Mill,Virtual Corner Rounding Mill,23.1,400.0,Tensile Strength,1.5,15.0,6.0
Corner Rounding Mill,Virtual Corner Rounding Mill,23.21,950.0,Tensile Strength,1.1,15.0,6.0
Corner Rounding Mill,Virtual Corner Rounding Mill,23.22,1050.0,Tensile Strength,1.1,15.0,6.0
Corner Rounding Mill,Virtual Corner Rounding Mill,3.1,200.0,Brinell,5.3,15.0,6.0
Corner Rounding Mill,Virtual Corner Rounding Mill,3.11,200.0,Brinell,3.3,15.0,6.0
Corner Rounding Mill,Virtual Corner Rounding Mill,3.13,200.0,Brinell,1.8,15.0,6.0
Corner Rounding Mill,Virtual Corner Rounding Mill,3.2,225.0,Brinell,3.5,15.0,6.0
Corner Rounding Mill,Virtual Corner Rounding Mill,3.21,300.0,Brinell,2.4,15.0,6.0
Corner Rounding Mill,Virtual Corner Rounding Mill,3.22,380.0,Brinell,1.5,15.0,6.0
Corner Rounding Mill,Virtual Corner Rounding Mill,30.11,60.0,Brinell,6.5,15.0,6.0
Corner Rounding Mill,Virtual Corner Rounding Mill,30.12,100.0,Brinell,6.5,15.0,6.0
Corner Rounding Mill,Virtual Corner Rounding Mill,30.21,75.0,Brinell,5.6,15.0,6.0
Corner Rounding Mill,Virtual Corner Rounding Mill,30.22,90.0,Brinell,5.6,15.0,6.0
Corner Rounding Mill,Virtual Corner Rounding Mill,30.3,30.0,Brinell,11.7,15.0,6.0
Corner Rounding Mill,Virtual Corner Rounding Mill,30.41,130.0,Brinell,4.7,15.0,6.0
Corner Rounding Mill,Virtual Corner Rounding Mill,30.42,130.0,Brinell,3.5,15.0,6.0
Corner Rounding Mill,Virtual Corner Rounding Mill,33.1,110.0,Brinell,5.6,15.0,6.0
Corner Rounding Mill,Virtual Corner Rounding Mill,33.2,90.0,Brinell,4.3,15.0,6.0
Corner Rounding Mill,Virtual Corner Rounding Mill,33.3,100.0,Brinell,4.1,15.0,6.0
Corner Rounding Mill,Virtual Corner Rounding Mill,34.0,515.0,Brinell,9.2,15.0,6.0
Corner Rounding Mill,Virtual Corner Rounding Mill,4.0,55.0,Rockwell C,2.1,15.0,6.0
Corner Rounding Mill,Virtual Corner Rounding Mill,4.1,59.0,Rockwell C,1.2,15.0,6.0
Corner Rounding Mill,Virtual Corner Rounding Mill,41.11,30.0,Brinell,6.0,15.0,6.0
Corner Rounding Mill,Virtual Corner Rounding Mill,41.21,30.0,Brinell,6.8,15.0,6.0
Corner Rounding Mill,Virtual Corner Rounding Mill,42.11,30.0,Brinell,5.2,15.0,6.0
Corner Rounding Mill,Virtual Corner Rounding Mill,42.12,30.0,Brinell,6.8,15.0,6.0
Corner Rounding Mill,Virtual Corner Rounding Mill,42.13,30.0,Brinell,6.8,15.0,6.0
Corner Rounding Mill,Virtual Corner Rounding Mill,5.1,200.0,Brinell,2.3,15.0,6.0
Corner Rounding Mill,Virtual Corner Rounding Mill,5.11,200.0,Brinell,2.8,15.0,6.0
Corner Rounding Mill,Virtual Corner Rounding Mill,5.12,330.0,Brinell,2.8,15.0,6.0
Corner Rounding Mill,Virtual Corner Rounding Mill,5.13,330.0,Brinell,3.0,15.0,6.0
Corner Rounding Mill,Virtual Corner Rounding Mill,5.2,175.0,Brinell,4.2,15.0,6.0
Corner Rounding Mill,Virtual Corner Rounding Mill,5.21,200.0,Brinell,2.8,15.0,6.0
Corner Rounding Mill,Virtual Corner Rounding Mill,5.22,330.0,Brinell,2.4,15.0,6.0
Corner Rounding Mill,Virtual Corner Rounding Mill,5.23,200.0,Brinell,2.0,15.0,6.0
Corner Rounding Mill,Virtual Corner Rounding Mill,5.51,230.0,Brinell,2.1,15.0,6.0
Corner Rounding Mill,Virtual Corner Rounding Mill,5.52,260.0,Brinell,2.1,15.0,6.0
Corner Rounding Mill,Virtual Corner Rounding Mill,51.21,30.0,Brinell,12.3,15.0,6.0
Corner Rounding Mill,Virtual Corner Rounding Mill,51.22,30.0,Brinell,12.3,15.0,6.0
Corner Rounding Mill,Virtual Corner Rounding Mill,51.31,30.0,Brinell,15.3,15.0,6.0
Corner Rounding Mill,Virtual Corner Rounding Mill,51.32,30.0,Brinell,15.3,15.0,6.0
Corner Rounding Mill,Virtual Corner Rounding Mill,52.11,30.0,Brinell,6.8,15.0,6.0
Corner Rounding Mill,Virtual Corner Rounding Mill,52.12,30.0,Brinell,8.5,15.0,6.0
Corner Rounding Mill,Virtual Corner Rounding Mill,52.13,30.0,Brinell,8.5,15.0,6.0
Corner Rounding Mill,Virtual Corner Rounding Mill,52.14,30.0,Brinell,8.5,15.0,6.0
Corner Rounding Mill,Virtual Corner Rounding Mill,52.15,30.0,Brinell,11.5,15.0,6.0
Corner Rounding Mill,Virtual Corner Rounding Mill,52.21,30.0,Brinell,11.5,15.0,6.0
Corner Rounding Mill,Virtual Corner Rounding Mill,52.31,30.0,Brinell,15.3,15.0,6.0
Corner Rounding Mill,Virtual Corner Rounding Mill,52.32,30.0,Brinell,15.3,15.0,6.0
Corner Rounding Mill,Virtual Corner Rounding Mill,6.1,150.0,Brinell,3.7,15.0,6.0
Corner Rounding Mill,Virtual Corner Rounding Mill,6.2,200.0,Brinell,3.0,15.0,6.0
Corner Rounding Mill,Virtual Corner Rounding Mill,6.3,200.0,Brinell,2.1,15.0,6.0
Corner Rounding Mill,Virtual Corner Rounding Mill,6.32,200.0,Brinell,1.4,15.0,6.0
Corner Rounding Mill,Virtual Corner Rounding Mill,6.33,250.0,Brinell,1.1,15.0,6.0
Corner Rounding Mill,Virtual Corner Rounding Mill,7.1,130.0,Brinell,3.2,15.0,6.0
Corner Rounding Mill,Virtual Corner Rounding Mill,7.2,230.0,Brinell,2.6,15.0,6.0
Corner Rounding Mill,Virtual Corner Rounding Mill,7.3,250.0,Brinell,2.5,15.0,6.0
Corner Rounding Mill,Virtual Corner Rounding Mill,8.1,180.0,Brinell,4.6,15.0,6.0
Corner Rounding Mill,Virtual Corner Rounding Mill,8.2,220.0,Brinell,3.2,15.0,6.0
Corner Rounding Mill,Virtual Corner Rounding Mill,8.3,175.0,Brinell,3.6,15.0,6.0
Corner Rounding Mill,Virtual Corner Rounding Mill,9.1,160.0,Brinell,2.9,15.0,6.0
Corner Rounding Mill,Virtual Corner Rounding Mill,9.2,250.0,Brinell,2.8,15.0,6.0
Corner Rounding Mill,Virtual Corner Rounding Mill,9.3,330.0,Brinell,2.1,15.0,6.0
