Tool Type,Tool Series,Material Cut Code Name,Hardness,Hardness System,Id,Keyway Width (mm),Teeth,Shims,Pitch (mm),Cutting Speed (m / min),Feed Per Tooth (mm),Min Keyway Length (mm),Max Keyway Length (mm)
Shim Type Keyway Broach,Virtual Shim Type Keyway Broach,1.0,125,Brinell,10142,14.30,17,4,15.88,9.8,0.08,25.4,152.4
Shim Type Keyway Broach,Virtual Shim Type Keyway Broach,1.0,125,Brinell,10171,28.58,26,8,15.88,9.8,0.06,25.4,152.4
Shim Type Keyway Broach,Virtual Shim Type Keyway Broach,1.0,125,Brinell,10172,31.75,22,9,19.05,9.8,0.07,38.1,203.2
Shim Type Keyway Broach,Virtual Shim Type Keyway Broach,1.0,125,Brinell,10173,34.93,22,10,19.05,9.8,0.07,38.1,203.2
Shim Type Keyway Broach,Virtual Shim Type Keyway Broach,1.0,125,Brinell,10174,38.10,22,11,19.05,9.8,0.07,38.1,203.2
Shim Type Keyway Broach,Virtual Shim Type Keyway Broach,1.0,125,Brinell,22201,1.60,18,-,4.76,9.8,0.04,5.2,28.6
Shim Type Keyway Broach,Virtual Shim Type Keyway Broach,1.0,125,Brinell,22202,2.39,18,-,4.76,9.8,0.07,5.2,28.6
Shim Type Keyway Broach,Virtual Shim Type Keyway Broach,1.0,125,Brinell,22203,3.18,18,1,4.76,9.8,0.04,5.2,28.6
Shim Type Keyway Broach,Virtual Shim Type Keyway Broach,1.0,125,Brinell,22204,2.39,16,-,7.14,9.8,0.07,7.5,42.9
Shim Type Keyway Broach,Virtual Shim Type Keyway Broach,1.0,125,Brinell,22205,3.18,16,1,7.14,9.8,0.05,7.5,42.9
Shim Type Keyway Broach,Virtual Shim Type Keyway Broach,1.0,125,Brinell,22206,3.96,16,1,7.14,9.8,0.06,7.5,42.9
Shim Type Keyway Broach,Virtual Shim Type Keyway Broach,1.0,125,Brinell,22207,4.78,16,1,7.14,9.8,0.07,7.5,42.9
Shim Type Keyway Broach,Virtual Shim Type Keyway Broach,1.0,125,Brinell,22208,4.78,22,1,9.53,9.8,0.05,9.9,63.5
Shim Type Keyway Broach,Virtual Shim Type Keyway Broach,1.0,125,Brinell,22209,6.35,22,1,9.53,9.8,0.07,9.9,63.5
Shim Type Keyway Broach,Virtual Shim Type Keyway Broach,1.0,125,Brinell,22210,7.95,22,2,9.53,9.8,0.06,9.9,63.5
Shim Type Keyway Broach,Virtual Shim Type Keyway Broach,1.0,125,Brinell,22211,9.53,22,2,9.53,9.8,0.07,9.9,63.5
Shim Type Keyway Broach,Virtual Shim Type Keyway Broach,1.0,125,Brinell,22212,7.95,17,2,15.88,9.8,0.08,25.4,152.4
Shim Type Keyway Broach,Virtual Shim Type Keyway Broach,1.0,125,Brinell,22213,9.53,17,2,15.88,9.8,0.09,25.4,152.4
Shim Type Keyway Broach,Virtual Shim Type Keyway Broach,1.0,125,Brinell,22214,11.13,17,3,15.88,9.8,0.08,25.4,152.4
Shim Type Keyway Broach,Virtual Shim Type Keyway Broach,1.0,125,Brinell,22215,12.70,17,3,15.88,9.8,0.09,25.4,152.4
Shim Type Keyway Broach,Virtual Shim Type Keyway Broach,1.0,125,Brinell,22216,15.88,20,4,15.88,9.8,0.08,25.4,152.4
Shim Type Keyway Broach,Virtual Shim Type Keyway Broach,1.0,125,Brinell,22217,19.05,20,5,15.88,9.8,0.08,25.4,152.4
Shim Type Keyway Broach,Virtual Shim Type Keyway Broach,1.0,125,Brinell,22218,22.23,26,6,15.88,9.8,0.06,25.4,152.4
Shim Type Keyway Broach,Virtual Shim Type Keyway Broach,1.0,125,Brinell,22219,25.40,26,7,15.88,9.8,0.06,25.4,152.4
Shim Type Keyway Broach,Virtual Shim Type Keyway Broach,1.1,125,Brinell,10142,14.30,17,4,15.88,9.1,0.08,25.4,152.4
Shim Type Keyway Broach,Virtual Shim Type Keyway Broach,1.1,125,Brinell,10171,28.58,26,8,15.88,9.1,0.06,25.4,152.4
Shim Type Keyway Broach,Virtual Shim Type Keyway Broach,1.1,125,Brinell,10172,31.75,22,9,19.05,9.1,0.07,38.1,203.2
Shim Type Keyway Broach,Virtual Shim Type Keyway Broach,1.1,125,Brinell,10173,34.93,22,10,19.05,9.1,0.07,38.1,203.2
Shim Type Keyway Broach,Virtual Shim Type Keyway Broach,1.1,125,Brinell,10174,38.10,22,11,19.05,9.1,0.07,38.1,203.2
Shim Type Keyway Broach,Virtual Shim Type Keyway Broach,1.1,125,Brinell,22201,1.60,18,-,4.76,9.1,0.04,5.2,28.6
Shim Type Keyway Broach,Virtual Shim Type Keyway Broach,1.1,125,Brinell,22202,2.39,18,-,4.76,9.1,0.07,5.2,28.6
Shim Type Keyway Broach,Virtual Shim Type Keyway Broach,1.1,125,Brinell,22203,3.18,18,1,4.76,9.1,0.04,5.2,28.6
Shim Type Keyway Broach,Virtual Shim Type Keyway Broach,1.1,125,Brinell,22204,2.39,16,-,7.14,9.1,0.07,7.5,42.9
Shim Type Keyway Broach,Virtual Shim Type Keyway Broach,1.1,125,Brinell,22205,3.18,16,1,7.14,9.1,0.05,7.5,42.9
Shim Type Keyway Broach,Virtual Shim Type Keyway Broach,1.1,125,Brinell,22206,3.96,16,1,7.14,9.1,0.06,7.5,42.9
Shim Type Keyway Broach,Virtual Shim Type Keyway Broach,1.1,125,Brinell,22207,4.78,16,1,7.14,9.1,0.07,7.5,42.9
Shim Type Keyway Broach,Virtual Shim Type Keyway Broach,1.1,125,Brinell,22208,4.78,22,1,9.53,9.1,0.05,9.9,63.5
Shim Type Keyway Broach,Virtual Shim Type Keyway Broach,1.1,125,Brinell,22209,6.35,22,1,9.53,9.1,0.07,9.9,63.5
Shim Type Keyway Broach,Virtual Shim Type Keyway Broach,1.1,125,Brinell,22210,7.95,22,2,9.53,9.1,0.06,9.9,63.5
Shim Type Keyway Broach,Virtual Shim Type Keyway Broach,1.1,125,Brinell,22211,9.53,22,2,9.53,9.1,0.07,9.9,63.5
Shim Type Keyway Broach,Virtual Shim Type Keyway Broach,1.1,125,Brinell,22212,7.95,17,2,15.88,9.1,0.08,25.4,152.4
Shim Type Keyway Broach,Virtual Shim Type Keyway Broach,1.1,125,Brinell,22213,9.53,17,2,15.88,9.1,0.09,25.4,152.4
Shim Type Keyway Broach,Virtual Shim Type Keyway Broach,1.1,125,Brinell,22214,11.13,17,3,15.88,9.1,0.08,25.4,152.4
Shim Type Keyway Broach,Virtual Shim Type Keyway Broach,1.1,125,Brinell,22215,12.70,17,3,15.88,9.1,0.09,25.4,152.4
Shim Type Keyway Broach,Virtual Shim Type Keyway Broach,9.2,250,Brinell,10174,38.10,22,11,19.05,5.1,0.12,38.1,203.2
Shim Type Keyway Broach,Virtual Shim Type Keyway Broach,9.2,250,Brinell,22201,1.60,18,-,4.76,5.1,0.07,5.2,28.6
Shim Type Keyway Broach,Virtual Shim Type Keyway Broach,9.2,250,Brinell,22202,2.39,18,-,4.76,5.1,0.12,5.2,28.6
Shim Type Keyway Broach,Virtual Shim Type Keyway Broach,9.2,250,Brinell,22203,3.18,18,1,4.76,5.1,0.07,5.2,28.6
Shim Type Keyway Broach,Virtual Shim Type Keyway Broach,9.2,250,Brinell,22204,2.39,16,-,7.14,5.1,0.12,7.5,42.9
Shim Type Keyway Broach,Virtual Shim Type Keyway Broach,9.2,250,Brinell,22205,3.18,16,1,7.14,5.1,0.09,7.5,42.9
Shim Type Keyway Broach,Virtual Shim Type Keyway Broach,9.2,250,Brinell,22206,3.96,16,1,7.14,5.1,0.10,7.5,42.9
Shim Type Keyway Broach,Virtual Shim Type Keyway Broach,9.2,250,Brinell,22207,4.78,16,1,7.14,5.1,0.12,7.5,42.9
Shim Type Keyway Broach,Virtual Shim Type Keyway Broach,9.2,250,Brinell,22208,4.78,22,1,9.53,5.1,0.09,9.9,63.5
Shim Type Keyway Broach,Virtual Shim Type Keyway Broach,9.2,250,Brinell,22209,6.35,22,1,9.53,5.1,0.12,9.9,63.5
Shim Type Keyway Broach,Virtual Shim Type Keyway Broach,9.2,250,Brinell,22210,7.95,22,2,9.53,5.1,0.10,9.9,63.5
Shim Type Keyway Broach,Virtual Shim Type Keyway Broach,9.2,250,Brinell,22211,9.53,22,2,9.53,5.1,0.12,9.9,63.5
Shim Type Keyway Broach,Virtual Shim Type Keyway Broach,9.2,250,Brinell,22212,7.95,17,2,15.88,5.1,0.14,25.4,152.4
Shim Type Keyway Broach,Virtual Shim Type Keyway Broach,9.2,250,Brinell,22213,9.53,17,2,15.88,5.1,0.16,25.4,152.4
Shim Type Keyway Broach,Virtual Shim Type Keyway Broach,9.2,250,Brinell,22214,11.13,17,3,15.88,5.1,0.14,25.4,152.4
Shim Type Keyway Broach,Virtual Shim Type Keyway Broach,9.2,250,Brinell,22215,12.70,17,3,15.88,5.1,0.16,25.4,152.4
Shim Type Keyway Broach,Virtual Shim Type Keyway Broach,9.2,250,Brinell,22216,15.88,20,4,15.88,5.1,0.14,25.4,152.4
Shim Type Keyway Broach,Virtual Shim Type Keyway Broach,9.2,250,Brinell,22217,19.05,20,5,15.88,5.1,0.14,25.4,152.4
Shim Type Keyway Broach,Virtual Shim Type Keyway Broach,9.2,250,Brinell,22218,22.23,26,6,15.88,5.1,0.10,25.4,152.4
Shim Type Keyway Broach,Virtual Shim Type Keyway Broach,9.2,250,Brinell,22219,25.40,26,7,15.88,5.1,0.10,25.4,152.4
Shim Type Keyway Broach,Virtual Shim Type Keyway Broach,9.3,330,Brinell,10142,14.30,17,4,15.88,3.8,0.10,25.4,152.4
Shim Type Keyway Broach,Virtual Shim Type Keyway Broach,9.3,330,Brinell,10171,28.58,26,8,15.88,3.8,0.07,25.4,152.4
Shim Type Keyway Broach,Virtual Shim Type Keyway Broach,9.3,330,Brinell,10172,31.75,22,9,19.05,3.8,0.09,38.1,203.2
Shim Type Keyway Broach,Virtual Shim Type Keyway Broach,9.3,330,Brinell,10173,34.93,22,10,19.05,3.8,0.09,38.1,203.2
Shim Type Keyway Broach,Virtual Shim Type Keyway Broach,9.3,330,Brinell,10174,38.10,22,11,19.05,3.8,0.09,38.1,203.2
Shim Type Keyway Broach,Virtual Shim Type Keyway Broach,9.3,330,Brinell,22201,1.60,18,-,4.76,3.8,0.05,5.2,28.6
Shim Type Keyway Broach,Virtual Shim Type Keyway Broach,9.3,330,Brinell,22202,2.39,18,-,4.76,3.8,0.09,5.2,28.6
Shim Type Keyway Broach,Virtual Shim Type Keyway Broach,9.3,330,Brinell,22203,3.18,18,1,4.76,3.8,0.05,5.2,28.6
Shim Type Keyway Broach,Virtual Shim Type Keyway Broach,9.3,330,Brinell,22204,2.39,16,-,7.14,3.8,0.09,7.5,42.9
Shim Type Keyway Broach,Virtual Shim Type Keyway Broach,9.3,330,Brinell,22205,3.18,16,1,7.14,3.8,0.06,7.5,42.9
Shim Type Keyway Broach,Virtual Shim Type Keyway Broach,9.3,330,Brinell,22206,3.96,16,1,7.14,3.8,0.07,7.5,42.9
Shim Type Keyway Broach,Virtual Shim Type Keyway Broach,9.3,330,Brinell,22207,4.78,16,1,7.14,3.8,0.09,7.5,42.9
Shim Type Keyway Broach,Virtual Shim Type Keyway Broach,9.3,330,Brinell,22208,4.78,22,1,9.53,3.8,0.06,9.9,63.5
Shim Type Keyway Broach,Virtual Shim Type Keyway Broach,9.3,330,Brinell,22209,6.35,22,1,9.53,3.8,0.09,9.9,63.5
Shim Type Keyway Broach,Virtual Shim Type Keyway Broach,9.3,330,Brinell,22210,7.95,22,2,9.53,3.8,0.07,9.9,63.5
Shim Type Keyway Broach,Virtual Shim Type Keyway Broach,9.3,330,Brinell,22211,9.53,22,2,9.53,3.8,0.09,9.9,63.5
Shim Type Keyway Broach,Virtual Shim Type Keyway Broach,9.3,330,Brinell,22212,7.95,17,2,15.88,3.8,0.10,25.4,152.4
Shim Type Keyway Broach,Virtual Shim Type Keyway Broach,9.3,330,Brinell,22213,9.53,17,2,15.88,3.8,0.11,25.4,152.4
Shim Type Keyway Broach,Virtual Shim Type Keyway Broach,9.3,330,Brinell,22214,11.13,17,3,15.88,3.8,0.10,25.4,152.4
Shim Type Keyway Broach,Virtual Shim Type Keyway Broach,9.3,330,Brinell,22215,12.70,17,3,15.88,3.8,0.11,25.4,152.4
Shim Type Keyway Broach,Virtual Shim Type Keyway Broach,9.3,330,Brinell,22216,15.88,20,4,15.88,3.8,0.10,25.4,152.4
Shim Type Keyway Broach,Virtual Shim Type Keyway Broach,9.3,330,Brinell,22217,19.05,20,5,15.88,3.8,0.10,25.4,152.4
Shim Type Keyway Broach,Virtual Shim Type Keyway Broach,9.3,330,Brinell,22218,22.23,26,6,15.88,3.8,0.07,25.4,152.4
Shim Type Keyway Broach,Virtual Shim Type Keyway Broach,9.3,330,Brinell,22219,25.40,26,7,15.88,3.8,0.07,25.4,152.4
Shim Type Keyway Broach,Virtual Shim Type Keyway Broach,4.0,55,Rockwell C,10173,34.93,22,10,19.05,3.8,0.13,38.1,203.2
Shim Type Keyway Broach,Virtual Shim Type Keyway Broach,4.0,55,Rockwell C,10174,38.10,22,11,19.05,3.8,0.13,38.1,203.2
Shim Type Keyway Broach,Virtual Shim Type Keyway Broach,4.0,55,Rockwell C,22201,1.60,18,-,4.76,3.8,0.08,5.2,28.6
Shim Type Keyway Broach,Virtual Shim Type Keyway Broach,4.0,55,Rockwell C,22202,2.39,18,-,4.76,3.8,0.13,5.2,28.6
Shim Type Keyway Broach,Virtual Shim Type Keyway Broach,4.0,55,Rockwell C,22203,3.18,18,1,4.76,3.8,0.08,5.2,28.6
Shim Type Keyway Broach,Virtual Shim Type Keyway Broach,4.0,55,Rockwell C,22204,2.39,16,-,7.14,3.8,0.13,7.5,42.9
Shim Type Keyway Broach,Virtual Shim Type Keyway Broach,4.0,55,Rockwell C,22205,3.18,16,1,7.14,3.8,0.09,7.5,42.9
Shim Type Keyway Broach,Virtual Shim Type Keyway Broach,4.0,55,Rockwell C,22206,3.96,16,1,7.14,3.8,0.11,7.5,42.9
Shim Type Keyway Broach,Virtual Shim Type Keyway Broach,4.0,55,Rockwell C,22207,4.78,16,1,7.14,3.8,0.13,7.5,42.9
Shim Type Keyway Broach,Virtual Shim Type Keyway Broach,4.0,55,Rockwell C,22208,4.78,22,1,9.53,3.8,0.09,9.9,63.5
Shim Type Keyway Broach,Virtual Shim Type Keyway Broach,4.0,55,Rockwell C,22209,6.35,22,1,9.53,3.8,0.13,9.9,63.5
Shim Type Keyway Broach,Virtual Shim Type Keyway Broach,4.0,55,Rockwell C,22210,7.95,22,2,9.53,3.8,0.11,9.9,63.5
Shim Type Keyway Broach,Virtual Shim Type Keyway Broach,4.0,55,Rockwell C,22211,9.53,22,2,9.53,3.8,0.13,9.9,63.5
Shim Type Keyway Broach,Virtual Shim Type Keyway Broach,4.0,55,Rockwell C,22212,7.95,17,2,15.88,3.8,0.15,25.4,152.4
Shim Type Keyway Broach,Virtual Shim Type Keyway Broach,4.0,55,Rockwell C,22213,9.53,17,2,15.88,3.8,0.17,25.4,152.4
Shim Type Keyway Broach,Virtual Shim Type Keyway Broach,4.0,55,Rockwell C,22214,11.13,17,3,15.88,3.8,0.15,25.4,152.4
Shim Type Keyway Broach,Virtual Shim Type Keyway Broach,4.0,55,Rockwell C,22215,12.70,17,3,15.88,3.8,0.17,25.4,152.4
Shim Type Keyway Broach,Virtual Shim Type Keyway Broach,4.0,55,Rockwell C,22216,15.88,20,4,15.88,3.8,0.15,25.4,152.4
Shim Type Keyway Broach,Virtual Shim Type Keyway Broach,4.0,55,Rockwell C,22217,19.05,20,5,15.88,3.8,0.15,25.4,152.4
Shim Type Keyway Broach,Virtual Shim Type Keyway Broach,4.0,55,Rockwell C,22218,22.23,26,6,15.88,3.8,0.11,25.4,152.4
Shim Type Keyway Broach,Virtual Shim Type Keyway Broach,4.0,55,Rockwell C,22219,25.40,26,7,15.88,3.8,0.11,25.4,152.4
Shim Type Keyway Broach,Virtual Shim Type Keyway Broach,4.1,59,Rockwell C,10142,14.30,17,4,15.88,2.2,0.15,25.4,152.4
Shim Type Keyway Broach,Virtual Shim Type Keyway Broach,4.1,59,Rockwell C,10171,28.58,26,8,15.88,2.2,0.11,25.4,152.4
Shim Type Keyway Broach,Virtual Shim Type Keyway Broach,4.1,59,Rockwell C,10172,31.75,22,9,19.05,2.2,0.13,38.1,203.2
Shim Type Keyway Broach,Virtual Shim Type Keyway Broach,4.1,59,Rockwell C,10173,34.93,22,10,19.05,2.2,0.13,38.1,203.2
Shim Type Keyway Broach,Virtual Shim Type Keyway Broach,4.1,59,Rockwell C,10174,38.10,22,11,19.05,2.2,0.13,38.1,203.2
Shim Type Keyway Broach,Virtual Shim Type Keyway Broach,4.1,59,Rockwell C,22201,1.60,18,-,4.76,2.2,0.08,5.2,28.6
Shim Type Keyway Broach,Virtual Shim Type Keyway Broach,4.1,59,Rockwell C,22202,2.39,18,-,4.76,2.2,0.13,5.2,28.6
Shim Type Keyway Broach,Virtual Shim Type Keyway Broach,4.1,59,Rockwell C,22203,3.18,18,1,4.76,2.2,0.08,5.2,28.6
Shim Type Keyway Broach,Virtual Shim Type Keyway Broach,4.1,59,Rockwell C,22204,2.39,16,-,7.14,2.2,0.13,7.5,42.9
Shim Type Keyway Broach,Virtual Shim Type Keyway Broach,4.1,59,Rockwell C,22205,3.18,16,1,7.14,2.2,0.09,7.5,42.9
Shim Type Keyway Broach,Virtual Shim Type Keyway Broach,4.1,59,Rockwell C,22206,3.96,16,1,7.14,2.2,0.11,7.5,42.9
Shim Type Keyway Broach,Virtual Shim Type Keyway Broach,4.1,59,Rockwell C,22207,4.78,16,1,7.14,2.2,0.13,7.5,42.9
Shim Type Keyway Broach,Virtual Shim Type Keyway Broach,4.1,59,Rockwell C,22208,4.78,22,1,9.53,2.2,0.09,9.9,63.5
Shim Type Keyway Broach,Virtual Shim Type Keyway Broach,4.1,59,Rockwell C,22209,6.35,22,1,9.53,2.2,0.13,9.9,63.5
Shim Type Keyway Broach,Virtual Shim Type Keyway Broach,4.1,59,Rockwell C,22210,7.95,22,2,9.53,2.2,0.11,9.9,63.5
Shim Type Keyway Broach,Virtual Shim Type Keyway Broach,4.1,59,Rockwell C,22211,9.53,22,2,9.53,2.2,0.13,9.9,63.5
Shim Type Keyway Broach,Virtual Shim Type Keyway Broach,4.1,59,Rockwell C,22212,7.95,17,2,15.88,2.2,0.15,25.4,152.4
Shim Type Keyway Broach,Virtual Shim Type Keyway Broach,4.1,59,Rockwell C,22213,9.53,17,2,15.88,2.2,0.17,25.4,152.4
Shim Type Keyway Broach,Virtual Shim Type Keyway Broach,4.1,59,Rockwell C,22214,11.13,17,3,15.88,2.2,0.15,25.4,152.4
Shim Type Keyway Broach,Virtual Shim Type Keyway Broach,4.1,59,Rockwell C,22215,12.70,17,3,15.88,2.2,0.17,25.4,152.4
Shim Type Keyway Broach,Virtual Shim Type Keyway Broach,4.1,59,Rockwell C,22216,15.88,20,4,15.88,2.2,0.15,25.4,152.4
Shim Type Keyway Broach,Virtual Shim Type Keyway Broach,4.1,59,Rockwell C,22217,19.05,20,5,15.88,2.2,0.15,25.4,152.4
Shim Type Keyway Broach,Virtual Shim Type Keyway Broach,23.21,950,Tensile Strength,10173,34.93,22,10,19.05,2.0,0.12,38.1,203.2
Shim Type Keyway Broach,Virtual Shim Type Keyway Broach,23.21,950,Tensile Strength,10174,38.10,22,11,19.05,2.0,0.12,38.1,203.2
Shim Type Keyway Broach,Virtual Shim Type Keyway Broach,23.21,950,Tensile Strength,22201,1.60,18,-,4.76,2.0,0.07,5.2,28.6
Shim Type Keyway Broach,Virtual Shim Type Keyway Broach,23.21,950,Tensile Strength,22202,2.39,18,-,4.76,2.0,0.12,5.2,28.6
Shim Type Keyway Broach,Virtual Shim Type Keyway Broach,23.21,950,Tensile Strength,22203,3.18,18,1,4.76,2.0,0.07,5.2,28.6
Shim Type Keyway Broach,Virtual Shim Type Keyway Broach,23.21,950,Tensile Strength,22204,2.39,16,-,7.14,2.0,0.12,7.5,42.9
Shim Type Keyway Broach,Virtual Shim Type Keyway Broach,23.21,950,Tensile Strength,22205,3.18,16,1,7.14,2.0,0.09,7.5,42.9
Shim Type Keyway Broach,Virtual Shim Type Keyway Broach,23.21,950,Tensile Strength,22206,3.96,16,1,7.14,2.0,0.10,7.5,42.9
Shim Type Keyway Broach,Virtual Shim Type Keyway Broach,23.21,950,Tensile Strength,22207,4.78,16,1,7.14,2.0,0.12,7.5,42.9
Shim Type Keyway Broach,Virtual Shim Type Keyway Broach,23.21,950,Tensile Strength,22208,4.78,22,1,9.53,2.0,0.09,9.9,63.5
Shim Type Keyway Broach,Virtual Shim Type Keyway Broach,23.21,950,Tensile Strength,22209,6.35,22,1,9.53,2.0,0.12,9.9,63.5
Shim Type Keyway Broach,Virtual Shim Type Keyway Broach,23.21,950,Tensile Strength,22210,7.95,22,2,9.53,2.0,0.10,9.9,63.5
Shim Type Keyway Broach,Virtual Shim Type Keyway Broach,23.21,950,Tensile Strength,22211,9.53,22,2,9.53,2.0,0.12,9.9,63.5
Shim Type Keyway Broach,Virtual Shim Type Keyway Broach,23.21,950,Tensile Strength,22212,7.95,17,2,15.88,2.0,0.14,25.4,152.4
Shim Type Keyway Broach,Virtual Shim Type Keyway Broach,23.21,950,Tensile Strength,22213,9.53,17,2,15.88,2.0,0.16,25.4,152.4
Shim Type Keyway Broach,Virtual Shim Type Keyway Broach,23.21,950,Tensile Strength,22214,11.13,17,3,15.88,2.0,0.14,25.4,152.4
Shim Type Keyway Broach,Virtual Shim Type Keyway Broach,23.21,950,Tensile Strength,22215,12.70,17,3,15.88,2.0,0.16,25.4,152.4
Shim Type Keyway Broach,Virtual Shim Type Keyway Broach,23.21,950,Tensile Strength,22216,15.88,20,4,15.88,2.0,0.14,25.4,152.4
Shim Type Keyway Broach,Virtual Shim Type Keyway Broach,23.21,950,Tensile Strength,22217,19.05,20,5,15.88,2.0,0.14,25.4,152.4
Shim Type Keyway Broach,Virtual Shim Type Keyway Broach,23.21,950,Tensile Strength,22218,22.23,26,6,15.88,2.0,0.10,25.4,152.4
Shim Type Keyway Broach,Virtual Shim Type Keyway Broach,23.21,950,Tensile Strength,22219,25.40,26,7,15.88,2.0,0.10,25.4,152.4
Shim Type Keyway Broach,Virtual Shim Type Keyway Broach,23.22,1050,Tensile Strength,10142,14.30,17,4,15.88,2.0,0.14,25.4,152.4
Shim Type Keyway Broach,Virtual Shim Type Keyway Broach,23.22,1050,Tensile Strength,10171,28.58,26,8,15.88,2.0,0.10,25.4,152.4
Shim Type Keyway Broach,Virtual Shim Type Keyway Broach,23.22,1050,Tensile Strength,10172,31.75,22,9,19.05,2.0,0.12,38.1,203.2
Shim Type Keyway Broach,Virtual Shim Type Keyway Broach,23.22,1050,Tensile Strength,10173,34.93,22,10,19.05,2.0,0.12,38.1,203.2
Shim Type Keyway Broach,Virtual Shim Type Keyway Broach,23.22,1050,Tensile Strength,10174,38.10,22,11,19.05,2.0,0.12,38.1,203.2
Shim Type Keyway Broach,Virtual Shim Type Keyway Broach,23.22,1050,Tensile Strength,22201,1.60,18,-,4.76,2.0,0.07,5.2,28.6
Shim Type Keyway Broach,Virtual Shim Type Keyway Broach,23.22,1050,Tensile Strength,22202,2.39,18,-,4.76,2.0,0.12,5.2,28.6
Shim Type Keyway Broach,Virtual Shim Type Keyway Broach,23.22,1050,Tensile Strength,22203,3.18,18,1,4.76,2.0,0.07,5.2,28.6
Shim Type Keyway Broach,Virtual Shim Type Keyway Broach,23.22,1050,Tensile Strength,22204,2.39,16,-,7.14,2.0,0.12,7.5,42.9
Shim Type Keyway Broach,Virtual Shim Type Keyway Broach,23.22,1050,Tensile Strength,22205,3.18,16,1,7.14,2.0,0.09,7.5,42.9
Shim Type Keyway Broach,Virtual Shim Type Keyway Broach,23.22,1050,Tensile Strength,22206,3.96,16,1,7.14,2.0,0.10,7.5,42.9
Shim Type Keyway Broach,Virtual Shim Type Keyway Broach,23.22,1050,Tensile Strength,22207,4.78,16,1,7.14,2.0,0.12,7.5,42.9
Shim Type Keyway Broach,Virtual Shim Type Keyway Broach,23.22,1050,Tensile Strength,22208,4.78,22,1,9.53,2.0,0.09,9.9,63.5
Shim Type Keyway Broach,Virtual Shim Type Keyway Broach,23.22,1050,Tensile Strength,22209,6.35,22,1,9.53,2.0,0.12,9.9,63.5
Shim Type Keyway Broach,Virtual Shim Type Keyway Broach,23.22,1050,Tensile Strength,22210,7.95,22,2,9.53,2.0,0.10,9.9,63.5
Shim Type Keyway Broach,Virtual Shim Type Keyway Broach,23.22,1050,Tensile Strength,22211,9.53,22,2,9.53,2.0,0.12,9.9,63.5
Shim Type Keyway Broach,Virtual Shim Type Keyway Broach,23.22,1050,Tensile Strength,22212,7.95,17,2,15.88,2.0,0.14,25.4,152.4
Shim Type Keyway Broach,Virtual Shim Type Keyway Broach,23.22,1050,Tensile Strength,22213,9.53,17,2,15.88,2.0,0.16,25.4,152.4
Shim Type Keyway Broach,Virtual Shim Type Keyway Broach,23.22,1050,Tensile Strength,22214,11.13,17,3,15.88,2.0,0.14,25.4,152.4
Shim Type Keyway Broach,Virtual Shim Type Keyway Broach,23.22,1050,Tensile Strength,22215,12.70,17,3,15.88,2.0,0.16,25.4,152.4
Shim Type Keyway Broach,Virtual Shim Type Keyway Broach,23.22,1050,Tensile Strength,22216,15.88,20,4,15.88,2.0,0.14,25.4,152.4
Shim Type Keyway Broach,Virtual Shim Type Keyway Broach,23.22,1050,Tensile Strength,22217,19.05,20,5,15.88,2.0,0.14,25.4,152.4
