Name,Manufacturer Location,Labor Rate (USD/hr),Direct Overhead Rate (USD/hr),Indirect Overhead Rate (USD/hr),Overhead Multiplier,Number of Operators,Labor Time Standard,Wage Grade Name,Work Center Labor Rate Factor,Setup Time (hr),Base Cycle Time (s),Max Annual Vol,Min Annual Volume,Max Corebox Length (mm),Max Corebox Width (mm),Max Corebox Height (mm),Smallest Core (mm),Corebox Cost (USD),Corebox Material,Core Sand Type,Is Preferred,Avg Utilization,Good Part Yield,Machine Price (USD),Machine Length (mm),Machine Width (mm),Footprint Allowance Factor,Machine Power (kW),Installation Factor (%),Machine Uptime (%),Annual Maintenance Factor (%),Machine Life (yr),Salvage Value Factor (%),Supplies Cost (USD/yr)
Beardsley & Piper CB-15-CC,USA,48.05,13.51,15.98,0.00,1.00,1.00,,1.00,0.50,25.00,0.00,0.00,660.00,457.00,457.00,9.50,0.00,Cast Iron,co2Sand,false,0.00,1.00,"100,000.00","3,050.00","3,660.00",2.00,50.00,20.00,80.00,5.00,10,0.00,0.00
Beardsley & Piper CB-184-CC,USA,48.05,15.02,15.98,0.00,1.00,1.00,,1.00,0.50,25.00,0.00,0.00,762.00,508.00,457.00,9.50,0.00,Cast Iron,co2Sand,false,0.00,1.00,"125,000.00","3,050.00","3,660.00",2.00,50.00,20.00,80.00,5.00,10,0.00,0.00
Beardsley & Piper CB-254-CC,USA,48.05,15.02,15.98,0.00,1.00,1.00,,1.00,0.50,30.00,0.00,0.00,"1,016.00",762.00,635.00,9.50,0.00,Cast Iron,co2Sand,false,0.00,1.00,"125,000.00","3,050.00","3,660.00",2.00,50.00,20.00,80.00,5.00,10,0.00,0.00
Beardsley & Piper CB-30-CC,USA,48.05,13.51,15.98,0.00,1.00,1.00,,1.00,0.50,30.00,0.00,0.00,"1,143.00","1,016.00",762.00,9.50,0.00,Cast Iron,co2Sand,false,0.00,1.00,"100,000.00","3,050.00","3,660.00",2.00,50.00,20.00,80.00,5.00,10,0.00,0.00
Beardsley & Piper CB-40-CC,USA,48.05,13.51,15.98,0.00,1.00,1.00,,1.00,0.50,35.00,0.00,0.00,"1,397.00","1,397.00",889.00,9.50,0.00,Cast Iron,co2Sand,false,0.00,1.00,"100,000.00","3,050.00","3,660.00",2.00,50.00,20.00,80.00,5.00,10,0.00,0.00
DISACORE 10 MP,Denmark,48.05,9.04,15.08,0.00,1.00,1.00,,1.00,0.50,13.00,0.00,0.00,740.00,600.00,575.00,9.50,0.00,Cast Iron,co2Sand,false,0.00,1.00,"100,000.00","2,800.00","2,800.00",1.50,20.00,20.00,80.00,5.00,10,0.00,0.00
DISACORE 120 MP,Denmark,48.05,15.02,16.86,0.00,1.00,1.00,,1.00,0.50,32.00,0.00,0.00,"1,500.00","1,500.00","1,340.00",9.50,0.00,Cast Iron,co2Sand,false,0.00,1.00,"125,000.00","5,200.00","4,200.00",1.50,50.00,20.00,80.00,5.00,10,0.00,0.00
DISACORE 20 MP,Denmark,48.05,13.56,15.56,0.00,1.00,1.00,,1.00,0.50,18.00,0.00,0.00,990.00,800.00,770.00,9.50,0.00,Cast Iron,co2Sand,false,0.00,1.00,"150,000.00","3,400.00","3,400.00",1.50,30.00,20.00,80.00,5.00,10,0.00,0.00
DISACORE 20 TP,Denmark,48.05,15.08,16.27,0.00,1.00,1.00,,1.00,0.50,16.00,0.00,0.00,750.00,750.00,600.00,9.50,0.00,Cast Iron,co2Sand,false,0.00,1.00,"175,000.00","3,500.00","4,900.00",1.50,20.00,20.00,80.00,5.00,10,0.00,0.00
DISACORE 200 MP,Denmark,48.05,16.54,17.26,0.00,1.00,1.00,,1.00,0.50,32.00,0.00,0.00,"1,500.00","1,500.00","1,340.00",9.50,0.00,Cast Iron,co2Sand,false,0.00,1.00,"150,000.00","4,800.00","5,200.00",2.00,50.00,20.00,80.00,5.00,10,0.00,0.00
DISACORE 250 LP,Denmark,48.05,25.63,19.17,0.00,1.00,1.00,,1.00,0.50,40.00,0.00,0.00,"2,600.00","1,600.00",900.00,50.00,0.00,Cast Iron,co2Sand,false,0.00,1.00,"300,000.00","5,000.00","6,000.00",2.00,50.00,20.00,80.00,5.00,10,0.00,0.00
DISACORE 300-25L,Denmark,48.05,15.27,15.27,0.00,1.00,1.00,,1.00,0.50,14.00,0.00,0.00,760.00,710.00,710.00,9.50,0.00,Cast Iron,co2Sand,false,0.00,1.00,"150,000.00","3,050.00","3,050.00",1.50,50.00,20.00,80.00,5.00,10,0.00,0.00
DISACORE 300-40L,Denmark,48.05,16.54,15.92,0.00,1.00,1.00,,1.00,0.50,15.00,0.00,0.00,"1,150.00",900.00,580.00,9.50,0.00,Cast Iron,co2Sand,false,0.00,1.00,"150,000.00","3,050.00","3,050.00",1.50,50.00,20.00,80.00,5.00,10,0.00,0.00
DISACORE 40 MP,Denmark,48.05,16.54,16.36,0.00,1.00,1.00,,1.00,0.50,22.00,0.00,0.00,"1,190.00","1,000.00",915.00,9.50,0.00,Cast Iron,co2Sand,false,0.00,1.00,"150,000.00","3,650.00","4,900.00",1.50,30.00,20.00,10.00,5.00,10,0.00,0.00
DISACORE 40 TP,Denmark,48.05,10.58,16.38,0.00,1.00,1.00,,1.00,0.50,17.00,0.00,0.00,"1,000.00",850.00,700.00,9.50,0.00,Cast Iron,co2Sand,false,0.00,1.00,"150,000.00","3,650.00","4,900.00",1.50,30.00,20.00,80.00,5.00,10,0.00,0.00
DISACORE 60 TP,Denmark,48.05,10.58,15.92,0.00,1.00,1.00,,1.00,0.50,20.00,0.00,0.00,"1,250.00","1,100.00",800.00,9.50,0.00,Cast Iron,co2Sand,false,0.00,1.00,"150,000.00","3,650.00","4,000.00",1.50,30.00,10.00,80.00,5.00,10,0.00,0.00
DISACORE 80 MP,Denmark,48.05,21.01,15.92,0.00,1.00,1.00,,1.00,0.50,26.00,0.00,0.00,"1,400.00","1,390.00","1,000.00",9.50,0.00,Cast Iron,co2Sand,false,0.00,1.00,"150,000.00","3,600.00","4,000.00",1.50,80.00,20.00,80.00,5.00,10,0.00,0.00
DISACORE 80 TP,Denmark,48.05,21.01,17.18,0.00,1.00,1.00,,1.00,0.50,20.00,0.00,0.00,"1,250.00","1,100.00",800.00,9.50,0.00,Cast Iron,co2Sand,false,0.00,1.00,"150,000.00","5,800.00","4,200.00",1.50,80.00,20.00,80.00,5.00,10,0.00,0.00
Laempe LL20,Germany,48.05,16.94,17.47,0.00,1.00,1.00,,1.00,0.50,22.00,0.00,0.00,890.00,870.00,630.00,50.00,0.00,Cast Iron,co2Sand,false,0.00,1.00,"250,000.00","3,650.00","3,650.00",3.00,12.00,20.00,80.00,5.00,10,0.00,0.00
Redford CB-12-SA,USA,48.05,16.54,15.87,0.00,1.00,1.00,,1.00,0.50,23.00,0.00,0.00,406.00,381.00,356.00,9.50,0.00,Cast Iron,co2Sand,false,0.00,1.00,"150,000.00","3,880.00","3,610.00",1.50,50.00,20.00,80.00,5.00,10,0.00,0.00
Redford CB-16-SA,USA,48.05,16.54,15.87,0.00,1.00,1.00,,1.00,0.50,23.00,0.00,0.00,559.00,450.00,305.00,9.50,0.00,Cast Iron,co2Sand,false,0.00,1.00,"150,000.00","3,880.00","3,610.00",1.50,50.00,20.00,80.00,5.00,10,0.00,0.00
Redford CB-22-SA,USA,48.05,16.54,15.87,0.00,1.00,1.00,,1.00,0.50,23.00,0.00,0.00,610.00,590.00,559.00,9.50,0.00,Cast Iron,co2Sand,false,0.00,1.00,"150,000.00","3,880.00","3,610.00",1.50,50.00,20.00,80.00,5.00,10,0.00,0.00
Redford CB-26-SA,USA,48.05,16.54,15.87,0.00,1.00,1.00,,1.00,0.50,23.00,0.00,0.00,915.00,812.00,457.00,9.50,0.00,Cast Iron,co2Sand,false,0.00,1.00,"150,000.00","3,880.00","3,610.00",1.50,50.00,20.00,80.00,5.00,10,0.00,0.00
Redford HC-22-UL,USA,48.05,16.54,15.87,0.00,1.00,1.00,,1.00,0.50,23.00,0.00,0.00,609.60,590.55,254.00,9.50,0.00,Cast Iron,co2Sand,false,0.00,1.00,"150,000.00","3,880.00","3,610.00",1.50,50.00,20.00,80.00,5.00,10,0.00,0.00
Redford HCB-22,USA,48.05,16.54,15.87,0.00,1.00,1.00,,1.00,0.50,23.00,0.00,0.00,610.00,590.00,254.00,9.50,0.00,Cast Iron,co2Sand,false,0.00,1.00,"150,000.00","3,880.00","3,610.00",1.50,50.00,20.00,80.00,5.00,10,0.00,0.00
Redford HCB-22-UL,USA,48.05,16.54,15.87,0.00,1.00,1.00,,1.00,0.50,23.00,0.00,0.00,609.60,596.90,254.00,9.50,0.00,Cast Iron,co2Sand,false,0.00,1.00,"150,000.00","3,880.00","3,610.00",1.50,50.00,20.00,80.00,5.00,10,0.00,0.00
Redford HCB-26-UL,USA,48.05,16.54,15.87,0.00,1.00,1.00,,1.00,0.50,23.00,0.00,0.00,762.00,660.00,355.60,9.50,0.00,Cast Iron,co2Sand,false,0.00,1.00,"150,000.00","3,880.00","3,610.00",1.50,50.00,20.00,80.00,5.00,10,0.00,0.00
Redford HCB-36-UL,USA,48.05,16.54,15.87,0.00,1.00,1.00,,1.00,0.50,23.00,0.00,0.00,"1,016.00",868.86,622.30,9.50,0.00,Cast Iron,co2Sand,false,0.00,1.00,"150,000.00","3,880.00","3,610.00",1.50,50.00,20.00,80.00,5.00,10,0.00,0.00
customCO2Cured,USA,48.05,45.20,27.65,0.00,1.00,1.00,,1.00,1.00,100.00,0.00,0.00,"4,300.00","3,800.00","1,600.00",9.50,0.00,Cast Iron,co2Sand,true,0.00,1.00,"500,000.00","10,000.00","8,000.00",2.00,100.00,20.00,80.00,5.00,10,0.00,0.00
