Name,Manufacturer Location,Labor Rate (USD/hr),Direct Overhead Rate (USD/hr),Indirect Overhead Rate (USD/hr),Overhead Multiplier,Number of Operators,Labor Time Standard,Wage Grade Name,Work Center Labor Rate Factor,Setup Time (hr),"Mold Rate, No Core (cycles/hr)",Mold Rate Reduction per Core,Flask Length (mm),Flask Width (mm),Flask Height (mm),"Sand Border, Flask Bottom (mm)","Sand Border, Flask Edge (mm)","Sand Border, Between Impressions (mm)",Is Preferred,Mold Efficiency,Avg Utilization,Good Part Yield,Machine Price (USD),Machine Length (mm),Machine Width (mm),Footprint Allowance Factor,Machine Power (kW),Installation Factor (%),Machine Uptime (%),Annual Maintenance Factor (%),Machine Life (yr),Salvage Value Factor (%),Supplies Cost (USD/yr)
"Loramendi VMM-80120-C (47""x43"")",Spain,48.05,365.88,59.04,0.00,3.00,1.00,,1.00,0.50,250.00,16.00,"1,100.07","1,199.90",400.05,25.40,25.40,25.40,false,0.93,0.00,1.00,"6,200,000.00","59,000.00","4,200.00",1.50,125.00,20.00,60.00,5.00,20,0.00,0.00
"Loramendi VMM-80120-B (43""x40"")",Spain,48.05,309.87,56.99,0.00,3.00,1.00,,1.00,0.50,250.00,16.00,"1,000.00","1,100.07",400.05,25.40,25.40,25.40,false,0.93,0.00,1.00,"5,200,000.00","56,000.00","4,200.00",1.50,125.00,20.00,60.00,5.00,20,0.00,0.00
"Loramendi VMM-80120-A (43""x35"")",Spain,48.05,281.87,56.99,0.00,3.00,1.00,,1.00,0.50,250.00,16.00,899.92,"1,100.07",400.05,25.40,25.40,25.40,false,0.93,0.00,1.00,"4,700,000.00","56,000.00","4,200.00",1.50,125.00,20.00,60.00,5.00,20,0.00,0.00
"Loramendi VMM-7090-B (39""x31"")",Spain,48.05,270.67,55.63,0.00,3.00,1.00,,1.00,0.50,300.00,8.00,800.10,"1,000.00",350.01,25.40,25.40,25.40,false,0.93,0.00,1.00,"4,500,000.00","54,000.00","4,000.00",1.50,125.00,20.00,60.00,5.00,20,0.00,0.00
"Loramendi VMM-7090-A (37""x31"")",Spain,48.05,259.46,53.23,0.00,3.00,1.00,,1.00,0.50,300.00,8.00,800.10,949.96,350.01,25.40,25.40,25.40,false,0.93,0.00,1.00,"4,300,000.00","53,000.00","4,000.00",1.50,125.00,20.00,60.00,5.00,20,0.00,0.00
"Loramendi VMM-6080-E (37""x28"")",Spain,48.05,298.47,53.23,0.00,3.00,1.00,,1.00,0.50,400.00,16.00,700.02,949.96,249.94,25.40,25.40,25.40,false,0.93,0.00,1.00,"5,000,000.00","53,000.00","4,000.00",1.50,125.00,20.00,60.00,5.00,20,0.00,0.00
"Loramendi VMM-6080-D (34""x25"")",Spain,48.05,270.67,49.65,0.00,3.00,1.00,,1.00,0.50,400.00,16.00,700.02,849.88,249.94,25.40,25.40,25.40,false,0.93,0.00,1.00,"4,500,000.00","50,000.00","3,800.00",1.50,125.00,20.00,60.00,5.00,20,0.00,0.00
"Loramendi VMM-6080-C (34""x26"")",Spain,48.05,253.86,49.65,0.00,3.00,1.00,,1.00,0.50,400.00,16.00,649.99,849.88,249.94,25.40,25.40,25.40,false,0.93,0.00,1.00,"4,200,000.00","50,000.00","3,800.00",1.50,125.00,20.00,60.00,5.00,20,0.00,0.00
"Loramendi VMM-6080-B (32""x28"")",Spain,48.05,253.86,49.65,0.00,3.00,1.00,,1.00,0.50,400.00,16.00,700.02,800.10,249.94,25.40,25.40,25.40,false,0.93,0.00,1.00,"4,200,000.00","50,000.00","3,800.00",1.50,125.00,20.00,60.00,5.00,20,0.00,0.00
"Loramendi VMM-6080-A (32""x26"")",Spain,48.05,237.06,49.65,0.00,3.00,1.00,,1.00,0.50,400.00,16.00,649.99,800.10,249.94,25.40,25.40,25.40,false,0.93,0.00,1.00,"3,900,000.00","50,000.00","3,800.00",1.50,125.00,20.00,60.00,5.00,20,0.00,0.00
"Loramendi VMM-5070-G (32""x24"")",Spain,48.05,259.46,48.42,0.00,3.00,1.00,,1.00,0.50,480.00,17.00,599.65,800.10,225.04,25.40,25.40,25.40,false,0.93,0.00,1.00,"4,300,000.00","50,000.00","3,800.00",1.50,125.00,20.00,60.00,5.00,20,0.00,0.00
"Loramendi VMM-5070-F (31""x24"")",Spain,48.05,253.86,48.42,0.00,3.00,1.00,,1.00,0.50,480.00,17.00,599.95,774.95,225.04,25.40,25.40,25.40,false,0.93,0.00,1.00,"4,200,000.00","48,000.00","3,800.00",1.50,125.00,20.00,60.00,5.00,20,0.00,0.00
"Loramendi VMM-5070-E (30""x24"")",Spain,48.05,248.26,48.42,0.00,3.00,1.00,,1.00,0.50,480.00,17.00,599.65,750.06,225.04,25.40,25.40,25.40,false,0.93,0.00,1.00,"4,100,000.00","48,000.00","3,800.00",1.50,125.00,20.00,60.00,5.00,20,0.00,0.00
"Loramendi VMM-5070-D (30""x21"")",Spain,48.05,220.26,48.42,0.00,3.00,1.00,,1.00,0.50,480.00,17.00,534.92,750.06,199.90,25.40,25.40,25.40,false,0.93,0.00,1.00,"3,600,000.00","48,000.00","3,800.00",1.50,125.00,20.00,60.00,5.00,20,0.00,0.00
"Loramendi VMM-5070-C (27""x21"")",Spain,48.05,209.06,44.94,0.00,3.00,1.00,,1.00,0.50,480.00,17.00,549.91,674.88,199.90,25.40,25.40,25.40,false,0.93,0.00,1.00,"3,400,000.00","46,000.00","3,500.00",1.50,125.00,20.00,60.00,5.00,20,0.00,0.00
"Loramendi VMM-5070-B (26""x21"")",Spain,48.05,192.25,44.94,0.00,3.00,1.00,,1.00,0.50,480.00,17.00,534.92,649.99,199.90,25.40,25.40,25.40,false,0.93,0.00,1.00,"3,100,000.00","46,000.00","3,500.00",1.50,125.00,20.00,60.00,5.00,20,0.00,0.00
"Loramendi VMM-5070-A (24""x19"")",Spain,48.05,157.54,44.37,0.00,3.00,1.00,,1.00,0.50,480.00,17.00,480.06,599.95,199.90,25.40,25.40,25.40,false,0.93,0.00,1.00,"2,600,000.00","45,000.00","3,500.00",1.50,80.00,20.00,60.00,5.00,20,0.00,0.00
"Loramendi VMM-4050 (20""x16"")",Spain,48.05,79.13,40.62,0.00,3.00,1.00,,1.00,0.50,325.00,8.00,400.05,500.13,199.90,25.40,25.40,25.40,false,0.93,0.00,1.00,"1,200,000.00","42,000.00","3,200.00",1.50,80.00,20.00,60.00,5.00,20,0.00,0.00
"DisaMatic 230 Mk II -X (21""x30"")",Denmark,48.05,231.46,41.14,0.00,3.00,1.00,,1.00,0.50,500.00,16.00,749.30,535.94,224.79,25.40,25.40,25.40,false,0.93,0.00,1.00,"3,800,000.00","43,000.00","3,200.00",1.50,125.00,20.00,60.00,5.00,20,0.00,0.00
"DisaMatic 230 Mk II -C (24""x27"")",Denmark,48.05,231.46,42.18,0.00,3.00,1.00,,1.00,0.50,500.00,12.00,675.64,601.98,224.79,25.40,25.40,25.40,false,0.93,0.00,1.00,"3,800,000.00","45,000.00","3,200.00",1.50,125.00,20.00,60.00,5.00,20,0.00,0.00
"DisaMatic 230 Mk II -B (21""x25"")",Denmark,48.05,203.45,41.14,0.00,3.00,1.00,,1.00,0.50,500.00,12.00,650.24,535.94,224.79,25.40,25.40,25.40,false,0.93,0.00,1.00,"3,300,000.00","43,000.00","3,200.00",1.50,125.00,20.00,60.00,5.00,20,0.00,0.00
"DisaMatic 230 Mk II -A (19""x24"")",Denmark,48.05,163.14,40.62,0.00,3.00,1.00,,1.00,0.50,500.00,12.00,599.44,480.06,224.79,25.40,25.40,25.40,false,0.93,0.00,1.00,"2,700,000.00","42,000.00","3,200.00",1.50,125.00,20.00,60.00,5.00,20,0.00,0.00
"DisaMatic 2110 Mk3 (20""x20"")",Denmark,48.05,90.33,40.62,0.00,3.00,1.00,,1.00,0.50,300.00,10.00,500.38,500.38,200.15,25.40,25.40,25.40,false,0.93,0.00,1.00,"1,400,000.00","42,000.00","3,200.00",1.50,80.00,20.00,60.00,5.00,20,0.00,0.00
"DisaMatic 2110 Mk3 (16""x16"")",Denmark,48.05,66.25,39.58,0.00,3.00,1.00,,1.00,0.50,225.00,10.00,398.78,398.78,200.15,25.40,25.40,25.40,false,0.93,0.00,1.00,"970,000.00","40,000.00","3,200.00",1.50,80.00,20.00,60.00,5.00,20,0.00,0.00
"DisaMatic 2070 Mk II -S (27""x34"")",Denmark,48.05,203.45,44.94,0.00,3.00,1.00,,1.00,0.50,315.00,8.00,850.90,650.24,400.05,25.40,25.40,25.40,false,0.93,0.00,1.00,"3,300,000.00","46,000.00","3,500.00",1.50,125.00,20.00,60.00,5.00,20,0.00,0.00
"DisaMatic 2070 Mk II -C (32""x40"")",Denmark,48.05,253.86,49.65,0.00,3.00,1.00,,1.00,0.50,276.00,8.00,"1,000.76",800.10,400.05,25.40,25.40,25.40,false,0.93,0.00,1.00,"4,200,000.00","50,000.00","3,800.00",1.50,125.00,20.00,60.00,5.00,20,0.00,0.00
"DisaMatic 2070 Mk II -B (32""x37"")",Denmark,48.05,237.06,49.65,0.00,3.00,1.00,,1.00,0.50,276.00,8.00,949.96,800.10,400.05,25.40,25.40,25.40,false,0.93,0.00,1.00,"3,900,000.00","50,000.00","3,800.00",1.50,125.00,20.00,60.00,5.00,20,0.00,0.00
"DisaMatic 2070 Mk II -A (28""x37"")",Denmark,48.05,237.06,45.51,0.00,3.00,1.00,,1.00,0.50,310.00,8.00,949.96,701.04,400.05,25.40,25.40,25.40,false,0.93,0.00,1.00,"3,900,000.00","47,000.00","3,500.00",1.50,100.00,20.00,60.00,5.00,20,0.00,0.00
"DisaMatic 2013 Mk V -X (21""x30"")",Denmark,48.05,110.11,41.14,0.00,3.00,1.00,,1.00,0.50,225.00,10.00,749.30,535.94,200.15,25.40,25.40,25.40,false,0.93,0.00,1.00,"2,600,000.00","43,000.00","3,200.00",1.50,100.00,20.00,60.00,5.00,20,0.00,0.00
"DisaMatic 2013 Mk V -LP (19""x24"")",Denmark,48.05,82.11,40.62,0.00,3.00,1.00,,1.00,0.50,225.00,10.00,599.44,480.06,200.15,25.40,25.40,25.40,false,0.93,0.00,1.00,"1,200,000.00","42,000.00","3,200.00",1.50,80.00,20.00,60.00,5.00,20,0.00,0.00
"DisaMatic 130-X (21""x30"")",Denmark,48.05,160.52,41.14,0.00,3.00,1.00,,1.00,0.50,350.00,16.00,749.30,535.94,250.19,25.40,25.40,25.40,false,0.93,0.00,1.00,"2,600,000.00","43,000.00","3,200.00",1.50,125.00,20.00,60.00,5.00,20,0.00,0.00
"DisaMatic 130-C (24""x27"")",Denmark,48.05,166.12,41.14,0.00,3.00,1.00,,1.00,0.50,350.00,12.00,675.64,601.98,250.19,25.40,25.40,25.40,false,0.93,0.00,1.00,"2,700,000.00","43,000.00","3,200.00",1.50,100.00,20.00,60.00,5.00,20,0.00,0.00
"DisaMatic 130-B (21""x26"")",Denmark,48.05,143.72,41.14,0.00,3.00,1.00,,1.00,0.50,350.00,12.00,650.24,535.94,250.19,25.40,25.40,25.40,false,0.93,0.00,1.00,"2,300,000.00","43,000.00","3,200.00",1.50,100.00,20.00,60.00,5.00,20,0.00,0.00
"DisaMatic 130-A (19""x24"")",Denmark,48.05,121.32,40.62,0.00,3.00,1.00,,1.00,0.50,350.00,12.00,599.44,480.06,250.19,25.40,25.40,25.40,false,0.93,0.00,1.00,"1,900,000.00","42,000.00","3,200.00",1.50,100.00,20.00,60.00,5.00,20,0.00,0.00
