Name,Labor Rate (USD / hr),Direct Overhead Rate (USD / hr),Indirect Overhead Rate (USD / hr),Total Overhead Rate (USD / hr),Overhead Multiplier,Number of Operators,Labor Time Standard,Wage Grade Name,Work Center Labor Rate Factor,Setup Time (hr),Table Length (mm),Table Width (mm),Num Drilling Heads,Is Preferred,Avg Utilization,Good Part Yield,Machine Price (USD),Machine Length (mm),Machine Width (mm),Footprint Allowance Factor,Machine Power (kW),Installation Factor (%),Machine Uptime (%),Annual Maintenance Factor (%),Machine Life (yr),Salvage Value Factor (%),Supplies Cost (USD / yr),Machine Manufacturer Location
Excellon HS 1L 2 heads 1 station,36.30,5.75,14.34,20.09,0.00,1.00,1.00,,1.00,0.50,1066.80,812.80,1.00,false,1.00,1.00,80000.00,2642.00,2235.00,1.00,6.00,20.00,80.00,5.00,10,0.00,0.00,USA
Excellon HS-2L,36.30,6.05,14.34,20.39,0.00,1.00,1.00,,1.00,0.50,828.00,722.00,2.00,false,1.00,1.00,85000.00,2642.00,2235.00,1.00,6.00,20.00,80.00,5.00,10,0.00,0.00,USA
Excellon HS-4L,36.30,9.08,14.34,23.42,0.00,1.00,1.00,,1.00,0.50,610.00,457.00,4.00,false,1.00,1.00,125000.00,2972.00,2007.00,1.00,10.00,20.00,80.00,5.00,10,0.00,0.00,USA
Schmoll LM 2,36.30,7.49,14.15,21.64,0.00,1.00,1.00,,1.00,0.50,656.00,650.00,2.00,false,1.00,1.00,95000.00,2250.00,1670.00,1.00,11.50,20.00,80.00,5.00,10,0.00,0.00,Germany
Schmoll MX1 single head,36.30,5.98,14.09,20.07,0.00,1.00,1.00,,1.00,0.50,737.00,714.00,1.00,false,1.00,1.00,75000.00,1920.00,1570.00,1.00,9.50,20.00,80.00,5.00,10,0.00,0.00,Germany
Schmoll N-Series 5 stations,36.30,13.16,14.50,27.66,0.00,1.00,1.00,,1.00,0.50,656.00,650.00,5.00,false,1.00,1.00,160000.00,4050.00,1920.00,1.00,23.00,20.00,80.00,5.00,10,0.00,0.00,Germany
Schmoll N-Series 6 stations,36.30,14.19,14.50,28.69,0.00,1.00,1.00,,1.00,0.50,650.00,558.00,6.00,false,1.00,1.00,177000.00,4050.00,1920.00,1.00,23.00,20.00,80.00,5.00,10,0.00,0.00,Germany
Via Mechanics ND-1A281,36.30,5.45,14.14,19.58,0.00,1.00,1.00,,1.00,0.50,820.00,735.00,1.00,false,1.00,1.00,70000.00,2250.00,1580.00,1.00,8.00,20.00,80.00,5.00,10,0.00,0.00,Japan
Via Mechanics ND-6Y220E,36.30,12.86,14.72,27.58,0.00,1.00,1.00,,1.00,0.50,660.00,560.00,6.00,false,1.00,1.00,175000.00,4810.00,2155.00,1.00,15.00,20.00,80.00,5.00,10,0.00,0.00,Japan
