Sprue Multiplier,Runner Multiplier,Ingate Multiplier,System Type,Description,Efficiency Coefficient
1.00,1.00,1.00,Naturally pressurized,1:1:1,0.90
1.00,2.00,2.00,Non-pressurized,1:2:2,0.90
1.00,2.00,3.00,Non-pressurized,1:2:3,0.90
1.00,3.00,2.00,Non-pressurized,1:3:2,0.90
1.00,3.00,3.00,Non-pressurized,1:3:3,0.90
1.00,3.00,4.00,Non-pressurized,1:3:4,0.90
1.00,4.00,4.00,Non-pressurized,1:4:4,0.90
2.00,2.00,1.00,Pressurized,2:2:1,0.73
4.00,4.00,1.00,Pressurized,4:4:1,0.73
4.00,8.00,3.00,Pressurized,4:8:3,0.73
