name,sourceFilePath,digitalFactory,Num Cav,Mold Base Wid (hr),Std Base Design Hrs (hr),Cust Base Design Hrs (hr),Per Slide Design Hrs (hr),Per Lifter Design Hrs (hr),Hot Drop Design Hrs (hr),Third Plate Design Hrs (hr),Stripper Plate Design Hrs (hr)
tblMoldBaseDesignHrs,lookupTables/Component/tblMoldBaseDesignHrs.csv,aPriori USA,1.0,203.2,2.7,12.9,0.4,0.2,2.2,1.7,0.4
tblMoldBaseDesignHrs,lookupTables/Component/tblMoldBaseDesignHrs.csv,aPriori USA,1.0,355.6,2.9,13.3,0.4,0.2,2.4,1.7,0.4
tblMoldBaseDesignHrs,lookupTables/Component/tblMoldBaseDesignHrs.csv,aPriori USA,1.0,508.0,3.1,13.8,0.4,0.2,2.5,1.9,0.4
tblMoldBaseDesignHrs,lookupTables/Component/tblMoldBaseDesignHrs.csv,aPriori USA,1.0,660.4,3.3,14.3,0.4,0.2,2.7,1.9,0.5
tblMoldBaseDesignHrs,lookupTables/Component/tblMoldBaseDesignHrs.csv,aPriori USA,1.0,25399974.6,3.5,15.0,0.4,0.2,2.9,2.0,0.5
tblMoldBaseDesignHrs,lookupTables/Component/tblMoldBaseDesignHrs.csv,aPriori USA,2.0,203.2,2.7,12.9,0.4,0.2,2.3,1.9,0.5
tblMoldBaseDesignHrs,lookupTables/Component/tblMoldBaseDesignHrs.csv,aPriori USA,2.0,355.6,2.9,13.3,0.4,0.2,2.5,1.9,0.5
tblMoldBaseDesignHrs,lookupTables/Component/tblMoldBaseDesignHrs.csv,aPriori USA,2.0,508.0,3.1,13.8,0.4,0.2,2.6,2.1,0.5
tblMoldBaseDesignHrs,lookupTables/Component/tblMoldBaseDesignHrs.csv,aPriori USA,2.0,660.4,3.3,14.3,0.4,0.2,2.8,2.1,0.6
tblMoldBaseDesignHrs,lookupTables/Component/tblMoldBaseDesignHrs.csv,aPriori USA,2.0,25399974.6,3.5,15.0,0.4,0.2,3.0,2.2,0.6
tblMoldBaseDesignHrs,lookupTables/Component/tblMoldBaseDesignHrs.csv,aPriori USA,4.0,203.2,2.8,13.0,0.5,0.3,2.4,1.9,0.6
tblMoldBaseDesignHrs,lookupTables/Component/tblMoldBaseDesignHrs.csv,aPriori USA,4.0,355.6,3.0,13.4,0.5,0.3,2.6,1.9,0.6
tblMoldBaseDesignHrs,lookupTables/Component/tblMoldBaseDesignHrs.csv,aPriori USA,4.0,508.0,3.2,13.9,0.5,0.3,2.7,1.9,0.6
tblMoldBaseDesignHrs,lookupTables/Component/tblMoldBaseDesignHrs.csv,aPriori USA,4.0,660.4,3.4,14.4,0.5,0.3,2.9,2.1,0.7
tblMoldBaseDesignHrs,lookupTables/Component/tblMoldBaseDesignHrs.csv,aPriori USA,4.0,25399974.6,3.6,15.1,0.5,0.3,3.1,2.2,0.7
tblMoldBaseDesignHrs,lookupTables/Component/tblMoldBaseDesignHrs.csv,aPriori USA,8.0,203.2,2.8,13.0,0.5,0.3,2.5,2.1,0.8
tblMoldBaseDesignHrs,lookupTables/Component/tblMoldBaseDesignHrs.csv,aPriori USA,8.0,355.6,3.0,13.4,0.5,0.3,2.7,2.1,0.8
tblMoldBaseDesignHrs,lookupTables/Component/tblMoldBaseDesignHrs.csv,aPriori USA,8.0,508.0,3.2,13.9,0.5,0.3,2.8,2.1,0.8
tblMoldBaseDesignHrs,lookupTables/Component/tblMoldBaseDesignHrs.csv,aPriori USA,8.0,660.4,3.4,14.4,0.5,0.3,3.0,2.3,0.9
tblMoldBaseDesignHrs,lookupTables/Component/tblMoldBaseDesignHrs.csv,aPriori USA,8.0,25399974.6,3.7,15.1,0.5,0.3,3.2,2.4,0.9
tblMoldBaseDesignHrs,lookupTables/Component/tblMoldBaseDesignHrs.csv,aPriori USA,16.0,203.2,3.0,13.2,0.6,0.4,2.6,2.3,1.0
tblMoldBaseDesignHrs,lookupTables/Component/tblMoldBaseDesignHrs.csv,aPriori USA,16.0,355.6,3.2,13.6,0.6,0.4,2.8,2.3,1.0
tblMoldBaseDesignHrs,lookupTables/Component/tblMoldBaseDesignHrs.csv,aPriori USA,16.0,508.0,3.4,14.1,0.6,0.4,2.9,2.3,1.0
tblMoldBaseDesignHrs,lookupTables/Component/tblMoldBaseDesignHrs.csv,aPriori USA,16.0,660.4,3.6,14.5,0.6,0.4,3.1,2.5,1.1
tblMoldBaseDesignHrs,lookupTables/Component/tblMoldBaseDesignHrs.csv,aPriori USA,16.0,25399974.6,3.7,15.2,0.6,0.4,3.3,2.6,1.1
tblMoldBaseDesignHrs,lookupTables/Component/tblMoldBaseDesignHrs.csv,aPriori USA,32.0,203.2,3.0,13.3,0.6,0.5,2.8,2.6,1.2
tblMoldBaseDesignHrs,lookupTables/Component/tblMoldBaseDesignHrs.csv,aPriori USA,32.0,355.6,3.2,13.7,0.6,0.5,3.0,2.7,1.2
tblMoldBaseDesignHrs,lookupTables/Component/tblMoldBaseDesignHrs.csv,aPriori USA,32.0,508.0,3.5,14.4,0.6,0.5,3.1,2.8,1.2
tblMoldBaseDesignHrs,lookupTables/Component/tblMoldBaseDesignHrs.csv,aPriori USA,32.0,660.4,3.7,14.6,0.6,0.5,3.2,2.9,1.3
tblMoldBaseDesignHrs,lookupTables/Component/tblMoldBaseDesignHrs.csv,aPriori USA,32.0,25399974.6,3.9,15.3,0.6,0.5,3.5,3.0,1.3
tblMoldBaseDesignHrs,lookupTables/Component/tblMoldBaseDesignHrs.csv,aPriori USA,64.0,203.2,3.0,13.3,0.6,0.5,2.8,2.6,1.2
tblMoldBaseDesignHrs,lookupTables/Component/tblMoldBaseDesignHrs.csv,aPriori USA,64.0,355.6,3.2,13.7,0.6,0.5,3.0,2.7,1.2
tblMoldBaseDesignHrs,lookupTables/Component/tblMoldBaseDesignHrs.csv,aPriori USA,64.0,508.0,3.5,14.4,0.6,0.5,3.1,2.8,1.2
tblMoldBaseDesignHrs,lookupTables/Component/tblMoldBaseDesignHrs.csv,aPriori USA,64.0,660.4,3.7,14.6,0.6,0.5,3.2,2.9,1.3
tblMoldBaseDesignHrs,lookupTables/Component/tblMoldBaseDesignHrs.csv,aPriori USA,64.0,25399974.6,3.9,15.3,0.6,0.5,3.5,3.0,1.3
tblMoldBaseDesignHrs,lookupTables/Component/tblMoldBaseDesignHrs.csv,aPriori USA,128.0,203.2,3.0,13.3,0.6,0.5,2.8,2.6,1.2
tblMoldBaseDesignHrs,lookupTables/Component/tblMoldBaseDesignHrs.csv,aPriori USA,128.0,355.6,3.2,13.7,0.6,0.5,3.0,2.7,1.2
tblMoldBaseDesignHrs,lookupTables/Component/tblMoldBaseDesignHrs.csv,aPriori USA,128.0,508.0,3.5,14.4,0.6,0.5,3.1,2.8,1.2
tblMoldBaseDesignHrs,lookupTables/Component/tblMoldBaseDesignHrs.csv,aPriori USA,128.0,660.4,3.7,14.6,0.6,0.5,3.2,2.9,1.3
tblMoldBaseDesignHrs,lookupTables/Component/tblMoldBaseDesignHrs.csv,aPriori USA,128.0,25399974.6,3.9,15.3,0.6,0.5,3.5,3.0,1.3
