Name,Labor Rate (USD / hr),Direct Overhead Rate (USD / hr),Indirect Overhead Rate (USD / hr),Overhead Multiplier,Number of Operators,Labor Time Standard,Wage Grade Name,Work Center Labor Rate Factor,Setup Time (hr),Loading Type,Max Payload (kg),Is Preferred,Avg Utilization,Good Part Yield,Machine Price (USD),Machine Length,Machine Width,Footprint Allowance,Machine Power,Installation,Machine Utilization,Annual Maintenance,Machine Life,Salvage Value,Supplies,Machine Manufacturer Location
Manual,28.96,0.00,14.17,0.00,0.00,1.00,,1.00,0.00,Manual,0.00,true,0.00,1.00,0.00,1000.00,1000.00,1.00,0.00,20.00,80.00,5.00,10,0.00,0.00,Virtual
Fanuc SR-3ia SCARA - 400mm,28.96,0.71,14.10,0.00,0.00,1.00,,1.00,0.00,3-Axis,3.00,false,0.00,1.00,10000.00,400.00,400.00,1.00,0.70,20.00,80.00,5.00,10,0.00,0.00,USA
Staubli TS40 SCARA - 400mm,28.96,1.19,14.10,0.00,0.00,1.00,,1.00,0.00,3-Axis,8.00,false,0.00,1.00,15500.00,400.00,400.00,1.00,1.70,20.00,80.00,5.00,10,0.00,0.00,Switzerland
Staubli TX40 - 845mm,28.96,1.19,14.11,0.00,0.00,1.00,,1.00,0.00,6-Axis,2.00,false,0.00,1.00,16000.00,515.00,515.00,1.00,1.50,20.00,80.00,5.00,10,0.00,0.00,Switzerland
Fanuc SR-6ia - 650mm,28.96,1.13,14.13,0.00,0.00,1.00,,1.00,0.00,3-Axis,6.00,false,0.00,1.00,17000.00,720.00,720.00,1.00,0.70,20.00,80.00,5.00,10,0.00,0.00,USA
Staubli TX90L - 1650mm,28.96,1.39,14.16,0.00,0.00,1.00,,1.00,0.00,6-Axis,12.00,false,0.00,1.00,18000.00,960.00,960.00,1.00,2.00,20.00,80.00,5.00,10,0.00,0.00,Switzerland
Staubli TX160L - 2535mm,28.96,1.66,14.17,0.00,0.00,1.00,,1.00,0.00,6-Axis,20.00,false,0.00,1.00,20000.00,1005.00,1005.00,1.00,3.00,20.00,80.00,5.00,10,0.00,0.00,Switzerland
Staubli TS60 SCARA - 600mm,28.96,1.49,14.12,0.00,0.00,1.00,,1.00,0.00,3-Axis,8.00,false,0.00,1.00,20400.00,600.00,600.00,1.00,1.70,20.00,80.00,5.00,10,0.00,0.00,Switzerland
3-Axis Robot - 950mm,28.96,1.48,14.13,0.00,0.00,1.00,,1.00,0.00,3-Axis,8.00,true,0.00,1.00,20900.00,720.00,720.00,1.00,1.40,20.00,80.00,5.00,10,0.00,0.00,Virtual
Fanuc LR Mate 200iD/ Base - 1165mm,28.96,1.47,14.11,0.00,0.00,1.00,,1.00,0.00,6-Axis,7.00,false,0.00,1.00,21800.00,572.00,572.00,1.00,1.00,20.00,80.00,5.00,10,0.00,0.00,USA
Epson G6 SCARA - 450mm,28.96,1.56,14.10,0.00,0.00,1.00,,1.00,0.00,3-Axis,6.00,false,0.00,1.00,23100.00,667.50,667.50,1.00,1.10,20.00,80.00,5.00,10,0.00,0.00,UK
Epson Flexion N2 - 780mm,28.96,1.63,14.10,0.00,0.00,1.00,,1.00,0.00,6-Axis,2.50,false,0.00,1.00,25000.00,450.00,450.00,1.00,0.80,20.00,80.00,5.00,10,0.00,0.00,UK
Staubli TS80 SCARA - 800mm,28.96,1.79,14.14,0.00,0.00,1.00,,1.00,0.00,3-Axis,8.00,false,0.00,1.00,25300.00,800.00,800.00,1.00,1.70,20.00,80.00,5.00,10,0.00,0.00,Switzerland
Epson G10 SCARA - 650mm,28.96,1.85,14.15,0.00,0.00,1.00,,1.00,0.00,3-Axis,10.00,false,0.00,1.00,25800.00,884.50,884.50,1.00,1.90,20.00,80.00,5.00,10,0.00,0.00,UK
6-Axis Robot - 620mm,28.96,2.05,14.12,0.00,0.00,1.00,,1.00,0.00,6-Axis,8.00,true,0.00,1.00,28900.00,670.00,670.00,1.00,2.00,20.00,80.00,5.00,10,0.00,0.00,Virtual
Epson G20 SCARA - 1000mm,28.96,2.10,14.21,0.00,0.00,1.00,,1.00,0.00,3-Axis,20.00,false,0.00,1.00,30000.00,1234.50,1234.50,1.00,1.90,20.00,80.00,5.00,10,0.00,0.00,UK
Fanuc LR Mate 200iD/4S - 880mm,28.96,1.99,14.11,0.00,0.00,1.00,,1.00,0.00,6-Axis,4.00,false,0.00,1.00,30300.00,550.00,550.00,1.00,1.00,20.00,80.00,5.00,10,0.00,0.00,USA
Epson C8 - 1240mm,28.96,3.40,14.13,0.00,0.00,1.00,,1.00,0.00,6-Axis,8.00,false,0.00,1.00,50000.00,632.00,632.00,1.00,2.45,20.00,80.00,5.00,10,0.00,0.00,UK
Epson C8XL - 1920mm,28.96,3.40,14.13,0.00,0.00,1.00,,1.00,0.00,6-Axis,8.00,false,0.00,1.00,50000.00,700.00,700.00,1.00,2.45,20.00,80.00,5.00,10,0.00,0.00,UK
